ID,LIMIT_BAL,SEX,EDUCATION,MARRIAGE,AGE,PAY_0,PAY_2,PAY_3,PAY_4,PAY_5,PAY_6,BILL_AMT1,BILL_AMT2,BILL_AMT3,BILL_AMT4,BILL_AMT5,BILL_AMT6,PAY_AMT1,PAY_AMT2,PAY_AMT3,PAY_AMT4,PAY_AMT5,PAY_AMT6,default.payment.next.month
1,10000,2,4,1,21,0,0,0,2,-1,-1,13885.0,31004.0,20759.0,30466.0,49011.0,33012.0,3278.0,723.0,600.0,7739.0,6302.0,3447.0,0
2,180000,2,2,2,48,3,-1,0,-1,1,0,33795.0,40909.0,49420.0,27328.0,12265.0,1045.0,2880.0,2994.0,4012.0,1560.0,1592.0,4030.0,1
3,120000,2,4,2,57,-1,1,-1,-1,0,0,49128.0,15523.0,2652.0,4346.0,56179.0,50770.0,6238.0,2785.0,4559.0,5131.0,5879.0,4928.0,1
4,90000,1,4,1,47,0,2,1,3,0,0,17673.0,12072.0,5832.0,7131.0,29974.0,6863.0,4216.0,2751.0,5859.0,6433.0,1437.0,1355.0,1
5,90000,2,3,1,39,1,0,0,0,-1,-1,40511.0,37485.0,50028.0,35717.0,50632.0,59904.0,5735.0,7031.0,4577.0,7047.0,3626.0,5421.0,1
6,360000,2,4,1,61,0,0,0,-1,0,-1,1368.0,23052.0,3797.0,34150.0,31289.0,16301.0,5566.0,45.0,1505.0,2833.0,5989.0,4706.0,1
7,10000,1,3,1,39,0,0,1,-1,1,0,52639.0,44164.0,57566.0,33294.0,36233.0,22739.0,6715.0,4312.0,2934.0,5574.0,290.0,4161.0,1
8,120000,2,3,2,55,0,3,-1,-1,1,-1,36864.0,8792.0,45516.0,9385.0,9709.0,9591.0,2537.0,7857.0,3550.0,3867.0,5805.0,6674.0,1
9,20000,2,2,1,43,-1,-1,-1,0,0,1,44586.0,7266.0,39906.0,30596.0,20319.0,49465.0,576.0,7004.0,7871.0,858.0,1807.0,5497.0,0
10,10000,2,4,3,22,0,-1,0,-1,1,-1,49528.0,33165.0,32178.0,3657.0,43351.0,43929.0,3821.0,4852.0,4260.0,1782.0,5593.0,7459.0,0
11,90000,2,3,1,46,-1,0,3,2,0,0,13126.0,23549.0,5360.0,8648.0,50543.0,4713.0,5180.0,7983.0,5079.0,5985.0,3993.0,7812.0,1
12,360000,1,4,2,23,-1,0,-1,2,0,0,27032.0,43761.0,24872.0,29920.0,5332.0,6336.0,6536.0,3218.0,5884.0,5488.0,209.0,6602.0,0
13,180000,2,2,3,66,0,-1,-1,0,1,1,51518.0,30367.0,48465.0,37017.0,4611.0,36547.0,2136.0,4890.0,2897.0,4168.0,6095.0,2383.0,0
14,180000,1,4,2,50,0,0,-1,0,-1,-1,9882.0,21279.0,54231.0,39322.0,41585.0,51959.0,5962.0,4350.0,7715.0,6248.0,2079.0,1511.0,0
15,180000,2,1,3,39,1,-1,1,-1,-1,-1,49347.0,9580.0,26818.0,58916.0,26825.0,6588.0,6657.0,378.0,5399.0,5530.0,7618.0,2394.0,1
16,180000,2,1,1,44,-1,2,-1,-1,-1,-1,17284.0,9804.0,50358.0,51248.0,50916.0,13266.0,6467.0,324.0,6786.0,2715.0,6719.0,5700.0,0
17,90000,1,3,1,51,-1,-1,0,0,0,0,34530.0,45350.0,46595.0,22786.0,4093.0,32720.0,6464.0,7175.0,5993.0,2351.0,1542.0,6914.0,0
18,10000,1,3,1,33,2,-1,3,-1,0,-1,30599.0,13590.0,3457.0,46970.0,20963.0,6515.0,7898.0,1389.0,4972.0,7560.0,4806.0,7041.0,1
19,180000,1,4,1,35,-1,-1,-1,-1,0,1,41189.0,30146.0,37210.0,5738.0,2126.0,18273.0,5289.0,2838.0,247.0,7774.0,2896.0,5471.0,0
20,90000,1,2,1,41,-1,-1,0,-1,0,-1,50200.0,49086.0,36965.0,51434.0,42565.0,606.0,2962.0,4986.0,4669.0,244.0,4817.0,5448.0,0
21,90000,1,3,1,33,-1,-1,0,-1,-1,-1,20938.0,53870.0,32572.0,23198.0,51471.0,29949.0,3491.0,4604.0,1036.0,6326.0,4456.0,7615.0,0
22,50000,1,3,3,58,0,-1,1,0,1,0,10305.0,16058.0,46336.0,45604.0,9406.0,42912.0,5976.0,4114.0,4825.0,1063.0,2367.0,5486.0,0
23,20000,1,4,1,26,1,-1,-1,0,-1,1,25369.0,6577.0,53369.0,58237.0,19438.0,24718.0,1892.0,7833.0,5611.0,6889.0,5211.0,1127.0,0
24,360000,1,3,3,61,1,-1,0,1,2,1,36728.0,46482.0,33029.0,42194.0,50756.0,15397.0,4822.0,6296.0,4361.0,4710.0,2081.0,4001.0,1
25,180000,2,2,3,38,0,-1,-1,0,-1,0,45026.0,41236.0,19223.0,55214.0,2485.0,25461.0,4581.0,7534.0,2467.0,5502.0,7258.0,2869.0,0
26,120000,1,4,3,48,-1,-1,0,1,0,0,45202.0,19871.0,58980.0,608.0,57121.0,30569.0,5332.0,5269.0,474.0,5611.0,7572.0,5095.0,0
27,50000,1,1,1,28,-1,-1,1,0,0,0,20397.0,35614.0,57817.0,10233.0,53219.0,9943.0,3370.0,7832.0,5368.0,4839.0,1327.0,5086.0,0
28,180000,1,4,3,39,0,-1,-1,1,1,0,56162.0,11323.0,41162.0,37566.0,9161.0,6696.0,5918.0,4811.0,5586.0,2005.0,5822.0,2355.0,0
29,90000,2,1,2,57,-1,-1,-1,0,-1,-1,4990.0,42040.0,38438.0,32435.0,8335.0,10909.0,571.0,4333.0,3823.0,6457.0,7435.0,2397.0,0
30,90000,1,2,3,34,-1,-1,1,-1,2,0,7002.0,43638.0,6248.0,7228.0,41511.0,59117.0,5997.0,6522.0,5730.0,4432.0,1014.0,710.0,0
31,90000,2,4,2,27,-1,-1,-1,2,0,1,1486.0,17962.0,24096.0,43102.0,605.0,43377.0,6495.0,6950.0,6232.0,4360.0,5917.0,2346.0,0
32,20000,1,3,3,46,-1,1,-1,-1,0,-1,55583.0,28112.0,11897.0,3520.0,30349.0,7523.0,7085.0,546.0,4099.0,2547.0,7501.0,6621.0,0
33,10000,1,4,2,28,0,3,0,-1,0,0,10807.0,20044.0,30893.0,59446.0,3955.0,18081.0,7382.0,7284.0,381.0,80.0,1800.0,5241.0,1
34,90000,1,3,1,36,0,2,-1,-1,-1,0,36088.0,1876.0,49574.0,9384.0,31889.0,24715.0,2794.0,5527.0,6963.0,4432.0,4658.0,7545.0,1
35,360000,1,3,2,43,-1,0,-1,-1,0,0,48777.0,7638.0,13471.0,26728.0,21011.0,10872.0,371.0,7181.0,3733.0,2760.0,6382.0,7410.0,0
36,10000,2,2,1,48,0,0,0,-1,-1,-1,46002.0,57596.0,59805.0,49397.0,42389.0,51098.0,5227.0,5724.0,5379.0,5274.0,2666.0,6854.0,1
37,360000,1,1,3,52,1,-1,-1,0,-1,0,56930.0,27362.0,7771.0,30842.0,52842.0,56435.0,721.0,7415.0,7287.0,2916.0,1902.0,1437.0,0
38,180000,1,1,1,54,0,1,0,1,0,1,3226.0,8865.0,5900.0,44630.0,29324.0,14693.0,2242.0,2201.0,2901.0,7782.0,3177.0,2671.0,1
39,20000,2,2,1,62,1,1,0,-1,0,-1,24424.0,2656.0,58468.0,42218.0,38506.0,992.0,5619.0,1501.0,4975.0,5446.0,2683.0,459.0,1
40,120000,2,1,2,24,0,1,0,0,-1,-1,30368.0,21204.0,6019.0,56926.0,36019.0,16018.0,4756.0,1565.0,157.0,3645.0,5803.0,748.0,1
41,20000,2,3,2,38,1,1,-1,-1,-1,-1,41768.0,58969.0,44111.0,27837.0,59095.0,34951.0,4853.0,2017.0,7080.0,5665.0,2967.0,1848.0,1
42,180000,2,4,1,21,-1,0,1,1,-1,-1,37357.0,23087.0,45803.0,58738.0,13854.0,48509.0,6009.0,1710.0,473.0,5185.0,3010.0,2241.0,0
43,120000,2,4,3,21,-1,1,-1,-1,-1,3,33596.0,59967.0,19806.0,31005.0,14336.0,20372.0,1317.0,3532.0,4328.0,4964.0,7556.0,123.0,0
44,50000,1,2,3,31,-1,1,1,-1,0,0,18410.0,29365.0,3861.0,53597.0,22710.0,16400.0,6328.0,1585.0,2814.0,4624.0,4629.0,6742.0,1
45,10000,2,4,3,50,0,-1,-1,0,-1,-1,6388.0,45837.0,18509.0,43958.0,44201.0,14931.0,4692.0,1265.0,286.0,7455.0,7434.0,4216.0,0
46,360000,1,4,2,64,-1,2,1,0,1,-1,25899.0,47126.0,4113.0,7975.0,51914.0,172.0,3360.0,4190.0,3696.0,2540.0,5683.0,5246.0,1
47,90000,1,4,2,58,-1,-1,-1,1,-1,3,15579.0,1689.0,40334.0,38617.0,16684.0,841.0,3709.0,6346.0,7484.0,3458.0,7081.0,5228.0,0
48,360000,2,2,2,52,1,3,-1,0,-1,-1,33257.0,365.0,53328.0,52702.0,6594.0,25674.0,4069.0,1085.0,1334.0,2024.0,1562.0,7733.0,1
49,120000,2,2,2,59,-1,1,0,1,1,0,47827.0,55348.0,59825.0,7702.0,36519.0,37053.0,4402.0,4090.0,2338.0,4556.0,7505.0,1178.0,0
50,180000,2,4,1,29,-1,-1,-1,-1,-1,-1,33152.0,55948.0,48026.0,50318.0,35854.0,752.0,2670.0,5274.0,1514.0,7902.0,7553.0,2741.0,0
51,180000,1,1,1,62,-1,0,-1,-1,0,-1,34982.0,7957.0,46478.0,6326.0,22486.0,12016.0,1784.0,5644.0,999.0,4866.0,326.0,2467.0,0
52,20000,2,2,1,64,0,-1,0,-1,2,0,2511.0,38759.0,52893.0,52265.0,11057.0,54587.0,1352.0,840.0,1841.0,1654.0,2849.0,4411.0,0
53,50000,1,1,2,25,-1,1,1,-1,2,-1,38678.0,55424.0,46192.0,47334.0,50992.0,59404.0,2725.0,5870.0,4574.0,7372.0,3306.0,4209.0,1
54,90000,2,4,1,44,-1,1,-1,-1,0,0,26368.0,57038.0,39030.0,9101.0,50792.0,38508.0,2084.0,215.0,6244.0,6322.0,3354.0,6320.0,1
55,90000,2,3,1,61,-1,0,1,0,-1,-1,7421.0,17782.0,59775.0,43587.0,44851.0,31300.0,4129.0,1895.0,5522.0,3521.0,6227.0,4485.0,1
56,10000,2,1,3,44,1,1,1,-1,0,0,12829.0,49043.0,19352.0,7007.0,34742.0,34980.0,7297.0,2554.0,6170.0,1172.0,5588.0,1871.0,1
57,90000,2,1,2,62,2,-1,1,0,3,1,46844.0,38779.0,24765.0,34081.0,15685.0,22229.0,864.0,6824.0,5724.0,3221.0,1703.0,4517.0,1
58,20000,2,3,2,66,0,-1,0,0,2,0,55001.0,55670.0,54378.0,55428.0,24182.0,12095.0,2471.0,1534.0,3063.0,6434.0,4870.0,7712.0,0
59,180000,1,3,2,44,0,0,0,0,-1,-1,30463.0,8803.0,18661.0,12357.0,4105.0,22556.0,393.0,6259.0,7201.0,4616.0,7797.0,4630.0,0
60,120000,1,4,3,23,1,-1,0,0,-1,0,58594.0,36060.0,17923.0,10429.0,14989.0,41996.0,7798.0,7909.0,1378.0,1485.0,3520.0,4739.0,1
61,360000,1,2,3,37,3,0,0,-1,-1,3,10802.0,1469.0,9125.0,25372.0,27026.0,39757.0,5606.0,7679.0,5598.0,1268.0,7425.0,1407.0,1
62,180000,2,4,1,31,0,-1,2,-1,-1,-1,17978.0,21438.0,16530.0,22117.0,26210.0,40635.0,1931.0,2423.0,887.0,7737.0,5197.0,63.0,1
63,50000,1,2,3,44,1,-1,-1,0,0,-1,55803.0,684.0,35618.0,2908.0,4822.0,36523.0,3313.0,765.0,6124.0,3577.0,7399.0,1676.0,0
64,360000,1,4,2,49,2,0,-1,0,-1,1,10511.0,26574.0,53184.0,27359.0,57456.0,3627.0,5784.0,1776.0,697.0,5487.0,7222.0,201.0,1
65,50000,2,1,3,43,1,1,-1,-1,-1,-1,39562.0,48665.0,8175.0,15572.0,16094.0,37587.0,7661.0,6150.0,1729.0,2885.0,133.0,3618.0,1
66,50000,2,1,2,30,0,-1,2,-1,-1,0,13170.0,39481.0,40849.0,7466.0,30552.0,52850.0,4591.0,1574.0,3130.0,720.0,6402.0,7057.0,1
67,360000,2,1,1,35,-1,1,0,0,0,1,19870.0,19012.0,45980.0,16562.0,27915.0,38933.0,2167.0,5164.0,5555.0,3295.0,1512.0,3573.0,1
68,50000,2,2,3,54,-1,0,0,0,-1,-1,28665.0,25615.0,53740.0,1238.0,28169.0,34764.0,5574.0,2990.0,364.0,5545.0,6594.0,5162.0,1
69,10000,2,4,1,22,0,-1,1,-1,0,0,21599.0,22046.0,45002.0,54902.0,50701.0,13437.0,5485.0,6134.0,2058.0,2666.0,6464.0,6844.0,0
70,90000,1,1,3,31,0,0,3,0,-1,0,52470.0,43900.0,9354.0,59645.0,44776.0,47548.0,5151.0,4846.0,2669.0,4828.0,2067.0,6104.0,1
71,180000,2,2,1,64,0,0,-1,1,2,-1,58367.0,15972.0,29334.0,22057.0,52058.0,27094.0,367.0,4684.0,5848.0,3504.0,529.0,5204.0,0
72,20000,2,1,1,25,0,-1,1,-1,-1,1,30002.0,5510.0,57137.0,52599.0,22742.0,15774.0,5653.0,6255.0,7692.0,2700.0,3355.0,6272.0,0
73,90000,2,4,2,41,0,0,1,1,0,-1,31513.0,30403.0,54504.0,27680.0,15909.0,29390.0,156.0,7638.0,4913.0,2040.0,2423.0,2244.0,1
74,10000,1,3,3,31,1,-1,-1,-1,-1,-1,3323.0,49799.0,36764.0,54740.0,25645.0,7322.0,7244.0,2916.0,4060.0,2085.0,4430.0,3363.0,0
75,120000,2,4,2,26,-1,-1,1,0,-1,1,14052.0,28628.0,57791.0,10387.0,33689.0,55583.0,7055.0,4230.0,2690.0,2045.0,656.0,3191.0,0
76,90000,2,3,1,41,-1,0,-1,0,-1,-1,2393.0,12251.0,40082.0,17073.0,20216.0,42146.0,4507.0,5007.0,6581.0,5750.0,353.0,6388.0,0
77,50000,2,3,1,46,1,0,0,-1,-1,1,51398.0,2763.0,3893.0,44389.0,27603.0,19593.0,5168.0,6584.0,857.0,2698.0,3497.0,3270.0,1
78,20000,1,4,3,29,1,1,0,2,-1,-1,13643.0,56636.0,54843.0,13206.0,9055.0,47632.0,542.0,3856.0,1034.0,5930.0,6158.0,7500.0,1
79,90000,2,1,3,24,3,-1,-1,0,0,0,20438.0,45643.0,10088.0,49412.0,35030.0,3250.0,6995.0,2996.0,1609.0,2488.0,2519.0,1492.0,0
80,120000,2,4,1,27,1,3,-1,2,0,-1,50566.0,9332.0,22845.0,25551.0,42828.0,23162.0,2166.0,6771.0,2144.0,2617.0,2587.0,1377.0,1
81,360000,2,3,2,52,1,1,-1,-1,-1,0,42797.0,4435.0,14286.0,24233.0,31629.0,39083.0,2096.0,7625.0,3692.0,7393.0,1312.0,5729.0,0
82,90000,1,3,1,63,-1,3,-1,1,0,1,37288.0,7749.0,43174.0,27199.0,52381.0,1421.0,5665.0,4552.0,7572.0,7009.0,2260.0,6113.0,1
83,20000,2,2,1,29,0,1,0,2,0,1,2308.0,22591.0,1799.0,47871.0,59740.0,42523.0,7511.0,827.0,5203.0,3205.0,2390.0,5432.0,0
84,180000,2,4,3,36,-1,-1,-1,0,-1,3,33777.0,48712.0,38420.0,335.0,54335.0,49095.0,3952.0,2319.0,3068.0,2150.0,2074.0,2462.0,0
85,120000,1,2,2,37,0,0,-1,-1,-1,0,33653.0,9592.0,51862.0,45041.0,5578.0,35647.0,4060.0,3703.0,1692.0,5725.0,2749.0,73.0,1
86,120000,2,1,1,38,2,-1,0,0,-1,1,19138.0,49122.0,47265.0,46755.0,52848.0,12365.0,4388.0,5628.0,5187.0,558.0,2267.0,2571.0,1
87,10000,1,4,2,32,-1,1,0,0,-1,0,44695.0,113.0,18419.0,49268.0,20022.0,44945.0,2329.0,5358.0,2025.0,3651.0,5446.0,3733.0,0
88,50000,2,1,2,23,0,0,0,2,0,2,55765.0,44325.0,53816.0,59800.0,27107.0,20341.0,4772.0,6560.0,7809.0,4798.0,2704.0,3302.0,1
89,180000,1,1,1,46,-1,-1,2,0,3,0,15542.0,16944.0,21722.0,46935.0,24718.0,44153.0,7687.0,239.0,3821.0,5406.0,6038.0,7376.0,0
90,180000,2,3,2,38,-1,2,-1,-1,3,1,19870.0,57631.0,40803.0,31721.0,17043.0,37693.0,3061.0,3723.0,4406.0,856.0,4838.0,6909.0,0
91,90000,2,1,1,37,-1,-1,1,-1,3,-1,19340.0,28550.0,30400.0,27966.0,52633.0,5604.0,6184.0,5608.0,7227.0,23.0,5123.0,6200.0,0
92,180000,2,4,1,33,-1,0,-1,0,0,0,50096.0,16232.0,4058.0,23295.0,38275.0,5997.0,6191.0,7897.0,2442.0,2213.0,4668.0,176.0,0
93,180000,2,2,3,66,2,0,0,3,-1,0,4666.0,14575.0,176.0,49629.0,58018.0,909.0,6806.0,1138.0,3774.0,953.0,7382.0,1019.0,1
94,50000,2,1,3,50,0,-1,3,-1,-1,-1,53754.0,49598.0,10988.0,23565.0,57282.0,4319.0,5788.0,7032.0,4255.0,4057.0,2045.0,3471.0,1
95,360000,1,4,1,41,1,0,1,0,-1,-1,46502.0,24179.0,56079.0,34358.0,25185.0,17979.0,7371.0,62.0,2168.0,7356.0,7859.0,4973.0,1
96,50000,1,3,3,31,0,1,0,2,-1,3,29000.0,21122.0,57238.0,5764.0,43623.0,1542.0,5714.0,1575.0,437.0,2290.0,1651.0,5440.0,0
97,20000,2,2,2,60,-1,-1,0,-1,-1,0,35011.0,44140.0,24606.0,19039.0,30141.0,56308.0,7809.0,6775.0,2269.0,3629.0,1105.0,2370.0,0
98,120000,2,3,3,64,-1,0,-1,-1,0,-1,53657.0,32243.0,58119.0,15969.0,29690.0,54998.0,5722.0,6294.0,898.0,1719.0,6610.0,883.0,0
99,120000,1,3,3,22,1,-1,0,0,-1,-1,46190.0,39830.0,2967.0,26101.0,44378.0,10356.0,6695.0,7782.0,5405.0,351.0,7167.0,2625.0,1
100,10000,1,1,2,66,-1,0,1,0,-1,-1,16608.0,26736.0,58044.0,30127.0,41328.0,18682.0,7122.0,4807.0,57.0,5625.0,741.0,6338.0,1
101,180000,2,4,2,55,2,-1,3,-1,0,0,3024.0,3840.0,13854.0,42989.0,54704.0,44531.0,7867.0,4927.0,2531.0,2051.0,4798.0,7892.0,1
102,20000,2,2,2,25,-1,2,0,1,-1,2,39506.0,351.0,2207.0,25910.0,46352.0,39639.0,4763.0,4278.0,7073.0,4375.0,4102.0,7535.0,1
103,180000,1,3,3,57,0,1,-1,0,1,3,8748.0,2346.0,45472.0,9020.0,37328.0,34897.0,5681.0,4093.0,4548.0,5464.0,1760.0,4745.0,1
104,10000,1,4,1,26,1,-1,0,2,-1,0,5277.0,34467.0,22946.0,32702.0,55156.0,59354.0,7736.0,4111.0,5370.0,6718.0,4164.0,727.0,1
105,180000,1,3,1,23,-1,-1,-1,1,0,0,58937.0,30817.0,17539.0,3281.0,6143.0,37787.0,3041.0,2340.0,5348.0,1484.0,5486.0,7741.0,0
106,180000,2,3,1,26,-1,0,-1,1,-1,-1,28436.0,44850.0,45580.0,50943.0,45792.0,40167.0,953.0,6827.0,2386.0,4649.0,4593.0,1223.0,0
107,180000,1,2,1,43,3,0,-1,0,0,1,39050.0,53678.0,19983.0,46233.0,23536.0,30125.0,7074.0,2852.0,5058.0,7286.0,4158.0,2146.0,1
108,120000,2,1,1,51,-1,0,0,-1,-1,-1,13039.0,10473.0,45173.0,13514.0,25991.0,31505.0,5055.0,4886.0,1769.0,3867.0,7085.0,7792.0,1
109,90000,1,2,1,40,0,-1,-1,0,-1,-1,6101.0,57437.0,11714.0,15794.0,46900.0,17462.0,3427.0,5354.0,5084.0,324.0,1804.0,4031.0,0
110,120000,1,4,3,26,0,-1,-1,-1,0,3,3765.0,55899.0,5154.0,1659.0,16416.0,31255.0,5735.0,4301.0,5464.0,2090.0,4991.0,1582.0,0
111,20000,2,3,1,30,-1,3,-1,0,-1,1,21261.0,36956.0,19495.0,21864.0,53017.0,55090.0,261.0,4891.0,7009.0,6357.0,2532.0,4016.0,1
112,180000,2,2,3,62,1,0,1,-1,-1,-1,223.0,31823.0,36569.0,2293.0,29992.0,22615.0,3817.0,390.0,7356.0,6336.0,7789.0,631.0,1
113,90000,2,4,1,68,1,1,0,0,2,0,25203.0,10599.0,13498.0,56180.0,20940.0,7993.0,2123.0,2527.0,191.0,2515.0,2012.0,2525.0,1
114,90000,2,4,3,57,-1,0,-1,-1,-1,0,19485.0,10694.0,8572.0,8050.0,19690.0,35986.0,2305.0,3586.0,2393.0,1574.0,6970.0,7617.0,0
115,90000,2,4,1,26,1,2,-1,-1,0,-1,31609.0,1119.0,44949.0,39562.0,25255.0,47111.0,7754.0,3153.0,4376.0,2334.0,5057.0,2388.0,1
116,90000,2,2,2,61,-1,-1,0,-1,0,-1,35371.0,38756.0,29592.0,34228.0,56565.0,57527.0,4400.0,7264.0,2572.0,1937.0,1717.0,7140.0,0
117,10000,2,3,1,54,-1,-1,-1,0,-1,-1,18505.0,25988.0,25887.0,14211.0,6158.0,32529.0,1123.0,7177.0,4948.0,5927.0,6069.0,4343.0,0
118,10000,1,3,2,46,0,2,0,1,0,0,27313.0,11515.0,14381.0,48491.0,30477.0,47282.0,2917.0,5693.0,6833.0,6732.0,1929.0,5245.0,1
119,20000,1,2,2,28,3,2,0,-1,-1,0,4685.0,8030.0,1061.0,6532.0,50100.0,15028.0,1941.0,2818.0,2064.0,372.0,2098.0,5623.0,1
120,10000,2,2,2,69,-1,-1,2,1,0,0,18106.0,3812.0,3189.0,53208.0,28323.0,25453.0,7272.0,407.0,7147.0,5929.0,2758.0,4411.0,0
121,90000,1,1,2,42,-1,-1,-1,1,-1,-1,58691.0,38457.0,40889.0,44420.0,33961.0,25142.0,2330.0,6041.0,7056.0,6019.0,5453.0,274.0,0
122,120000,2,2,2,23,0,0,0,-1,-1,2,59472.0,41118.0,4801.0,38106.0,20891.0,19946.0,2854.0,7071.0,7312.0,4902.0,3132.0,7353.0,0
123,120000,2,3,3,31,1,0,-1,0,-1,0,29148.0,37898.0,14815.0,52779.0,8172.0,42969.0,2673.0,3917.0,588.0,6970.0,4553.0,3800.0,1
124,90000,1,4,2,40,-1,-1,2,0,2,1,56371.0,6641.0,54653.0,24188.0,38364.0,53011.0,1405.0,6613.0,2345.0,311.0,4423.0,5244.0,0
125,180000,2,4,2,24,-1,1,3,-1,1,-1,30078.0,2481.0,20638.0,16898.0,55197.0,19594.0,6241.0,7445.0,992.0,5598.0,1573.0,4431.0,1
126,90000,1,1,1,36,0,-1,0,0,2,0,7539.0,6373.0,44678.0,9270.0,31203.0,8147.0,4611.0,4373.0,962.0,1018.0,1860.0,5267.0,0
127,10000,2,3,2,43,-1,0,0,-1,0,1,52074.0,45095.0,20599.0,55462.0,25922.0,49525.0,3495.0,1676.0,425.0,7176.0,2454.0,2837.0,1
128,180000,1,1,1,67,-1,-1,-1,1,0,-1,24906.0,44396.0,55909.0,24085.0,7742.0,50975.0,3167.0,179.0,3519.0,3999.0,1778.0,6749.0,0
129,120000,1,3,1,25,-1,-1,1,2,0,-1,36745.0,17689.0,49311.0,49763.0,56683.0,56094.0,5333.0,6055.0,697.0,726.0,7349.0,1794.0,0
130,120000,2,2,3,49,0,0,0,1,2,-1,38930.0,3312.0,28199.0,19944.0,52152.0,15304.0,767.0,4499.0,2366.0,5970.0,3051.0,5225.0,1
131,90000,2,2,1,65,0,-1,-1,0,0,-1,18482.0,19184.0,41064.0,57299.0,54117.0,43142.0,7454.0,1229.0,7850.0,5993.0,3239.0,4623.0,0
132,90000,1,3,2,60,1,0,0,0,-1,0,44009.0,48586.0,24797.0,52201.0,21540.0,42937.0,4518.0,436.0,7070.0,3712.0,5376.0,4029.0,1
133,10000,2,2,3,66,0,-1,0,3,0,-1,30078.0,8605.0,56664.0,18482.0,37517.0,47401.0,1821.0,7755.0,7496.0,2483.0,6304.0,175.0,0
134,90000,2,4,3,29,0,2,1,-1,0,-1,21982.0,47768.0,21504.0,29203.0,25954.0,48373.0,4302.0,2563.0,293.0,138.0,5505.0,3117.0,1
135,180000,1,3,1,60,3,0,0,-1,-1,0,17874.0,27800.0,50187.0,47639.0,14079.0,57150.0,6816.0,2616.0,5287.0,7263.0,4409.0,380.0,1
136,50000,2,4,1,68,0,1,0,0,-1,-1,44776.0,8483.0,36978.0,13571.0,12340.0,28619.0,1385.0,5031.0,5071.0,1474.0,7808.0,4025.0,1
137,120000,2,3,2,36,0,-1,0,-1,-1,-1,14960.0,56033.0,38621.0,1421.0,23031.0,4554.0,4190.0,2915.0,1062.0,6741.0,7198.0,5502.0,0
138,10000,1,2,2,45,2,-1,-1,-1,1,0,7449.0,31102.0,21093.0,17328.0,33203.0,11537.0,4781.0,7303.0,7249.0,4710.0,1619.0,4179.0,1
139,50000,2,4,3,47,-1,-1,-1,-1,-1,-1,52904.0,40293.0,49972.0,35435.0,7320.0,53197.0,6480.0,5447.0,3235.0,5481.0,1280.0,6056.0,0
140,90000,2,2,1,45,0,0,-1,0,1,-1,19908.0,5797.0,44776.0,8188.0,42123.0,50686.0,4538.0,2862.0,7813.0,5553.0,3142.0,2886.0,1
141,360000,2,3,1,35,1,-1,1,-1,0,-1,38461.0,22298.0,48917.0,20003.0,27465.0,664.0,5891.0,2133.0,911.0,6864.0,6682.0,2449.0,1
142,20000,2,1,1,68,-1,-1,0,-1,1,-1,42985.0,37954.0,48079.0,55115.0,52869.0,22050.0,6188.0,6880.0,5201.0,267.0,7717.0,3584.0,0
143,20000,2,1,3,67,0,-1,0,-1,-1,0,50300.0,38721.0,9456.0,4504.0,16727.0,14710.0,7129.0,4733.0,1045.0,7929.0,5621.0,1833.0,0
144,50000,1,3,1,39,-1,-1,-1,-1,2,-1,37540.0,3775.0,52550.0,3020.0,3096.0,19240.0,2892.0,7346.0,7599.0,346.0,5520.0,6414.0,0
145,360000,2,1,2,60,-1,-1,-1,1,0,-1,42476.0,36256.0,50510.0,25431.0,18723.0,38327.0,5630.0,2760.0,4860.0,7992.0,1869.0,6477.0,0
146,180000,1,4,1,40,0,-1,0,-1,-1,3,50232.0,56668.0,14568.0,770.0,58399.0,30600.0,1990.0,168.0,605.0,2090.0,4738.0,3332.0,0
147,10000,2,4,1,59,-1,-1,-1,0,-1,2,56601.0,47183.0,58899.0,1669.0,19319.0,28853.0,6754.0,7192.0,1718.0,6766.0,1474.0,6340.0,0
148,20000,1,3,3,49,1,0,-1,1,-1,-1,2811.0,12463.0,31621.0,10979.0,42229.0,26105.0,7609.0,1915.0,2874.0,668.0,4317.0,204.0,1
149,180000,1,3,1,44,2,-1,1,-1,-1,-1,44595.0,54756.0,19314.0,6135.0,50597.0,38496.0,2353.0,6763.0,102.0,3687.0,1550.0,1238.0,1
150,10000,1,3,1,27,1,-1,-1,1,0,0,10463.0,40973.0,13406.0,48652.0,17057.0,40983.0,4489.0,5678.0,69.0,4335.0,604.0,2264.0,0
151,180000,2,1,3,53,-1,0,-1,0,2,1,53476.0,3416.0,21882.0,7362.0,38555.0,2608.0,6578.0,1854.0,7403.0,7634.0,7738.0,3103.0,0
152,20000,1,2,2,36,-1,1,0,0,0,1,2909.0,7697.0,2253.0,31408.0,12268.0,8231.0,217.0,6054.0,7849.0,989.0,7146.0,1853.0,0
153,360000,1,2,1,31,-1,-1,1,-1,0,-1,14806.0,55275.0,41442.0,42317.0,21732.0,20470.0,5640.0,652.0,4289.0,291.0,5482.0,4097.0,0
154,50000,2,4,2,30,-1,0,-1,-1,0,-1,11526.0,12575.0,42469.0,37550.0,17765.0,26141.0,6565.0,3139.0,7221.0,5185.0,5004.0,6348.0,0
155,90000,2,1,3,69,2,3,1,3,1,0,36205.0,5805.0,40066.0,39232.0,40343.0,59773.0,6969.0,2852.0,5241.0,393.0,1919.0,3649.0,1
156,120000,1,2,2,26,0,0,2,1,1,1,256.0,27056.0,32938.0,21463.0,52543.0,53502.0,1574.0,5254.0,224.0,6217.0,4573.0,3594.0,1
157,10000,2,2,2,60,-1,2,0,2,-1,1,1021.0,31536.0,21764.0,53330.0,15142.0,38926.0,6057.0,4276.0,5715.0,306.0,5984.0,479.0,1
158,90000,1,1,2,63,1,1,0,2,2,-1,30252.0,34385.0,43435.0,4120.0,17483.0,2163.0,6288.0,4897.0,145.0,7764.0,4316.0,2242.0,1
159,90000,1,1,2,22,-1,-1,0,-1,-1,0,58299.0,39531.0,52282.0,6438.0,49256.0,6041.0,22.0,3809.0,6532.0,4261.0,2255.0,6458.0,0
160,180000,2,2,1,49,-1,0,0,1,1,-1,31698.0,59931.0,5257.0,51369.0,27769.0,27440.0,5641.0,5918.0,2935.0,7587.0,3135.0,6485.0,0
161,360000,1,1,3,49,-1,0,0,0,3,0,26755.0,45554.0,22972.0,4100.0,30783.0,35222.0,5009.0,1280.0,1130.0,1013.0,6727.0,834.0,0
162,120000,2,1,3,38,0,3,0,1,0,2,39473.0,1555.0,59731.0,11513.0,42344.0,39631.0,7750.0,5749.0,2068.0,2186.0,2037.0,153.0,1
163,50000,2,2,1,53,1,0,-1,-1,-1,0,33108.0,5314.0,51718.0,10390.0,8255.0,8516.0,344.0,400.0,5466.0,3639.0,7691.0,6648.0,0
164,50000,2,1,3,41,-1,-1,-1,-1,0,-1,23094.0,18.0,59660.0,1983.0,52319.0,53262.0,7724.0,686.0,6775.0,235.0,6042.0,1394.0,0
165,50000,1,3,3,42,2,0,0,1,-1,0,35312.0,23714.0,10997.0,7020.0,21913.0,29593.0,4571.0,5789.0,4565.0,823.0,7121.0,4596.0,1
166,180000,2,1,3,42,1,-1,-1,1,1,0,192.0,21022.0,27899.0,34362.0,39514.0,35627.0,2195.0,1266.0,1283.0,2635.0,4076.0,6615.0,0
167,50000,2,2,2,60,1,1,0,0,-1,1,14669.0,56012.0,7821.0,39671.0,25930.0,2358.0,3099.0,6161.0,7201.0,5896.0,1789.0,6298.0,1
168,20000,1,2,2,52,-1,0,0,-1,0,-1,40433.0,21969.0,51963.0,4997.0,45186.0,49469.0,6131.0,1061.0,6325.0,5667.0,271.0,4405.0,0
169,50000,1,4,3,39,-1,0,2,-1,2,1,20493.0,1839.0,31129.0,56543.0,36694.0,32583.0,7968.0,1173.0,3278.0,694.0,4279.0,3013.0,1
170,10000,1,3,1,66,1,1,-1,3,-1,-1,3257.0,53030.0,14614.0,5745.0,10399.0,13361.0,2534.0,7459.0,4435.0,478.0,3192.0,6189.0,1
171,10000,2,4,3,60,-1,0,0,0,-1,-1,7466.0,15616.0,5419.0,41220.0,11270.0,19131.0,7869.0,1418.0,7711.0,5248.0,909.0,5557.0,0
172,10000,2,2,3,66,0,0,0,0,0,-1,51970.0,54754.0,44253.0,48022.0,52644.0,21168.0,5033.0,7308.0,3019.0,2877.0,7428.0,6705.0,0
173,180000,1,2,3,56,1,1,-1,0,0,-1,19774.0,46466.0,48710.0,31246.0,31176.0,1623.0,1536.0,2784.0,206.0,6336.0,7762.0,4110.0,1
174,180000,2,2,2,40,-1,1,-1,0,-1,-1,1359.0,52831.0,52753.0,29496.0,16543.0,56527.0,4781.0,6379.0,1165.0,2384.0,2991.0,7535.0,0
175,120000,2,4,2,58,1,1,-1,0,-1,0,43728.0,49183.0,58282.0,6543.0,8595.0,48179.0,6414.0,7515.0,4802.0,2902.0,5344.0,6157.0,1
176,90000,2,4,1,37,2,-1,-1,0,0,-1,31828.0,8590.0,48879.0,14490.0,7702.0,53158.0,436.0,933.0,7981.0,1754.0,3305.0,507.0,1
177,180000,1,4,3,34,0,0,-1,1,0,-1,27083.0,37570.0,47178.0,51035.0,55194.0,21218.0,631.0,2643.0,5919.0,2132.0,3974.0,2351.0,0
178,20000,1,4,2,43,0,-1,0,2,0,-1,53695.0,24726.0,48706.0,20917.0,58574.0,33477.0,41.0,4594.0,4943.0,5649.0,4991.0,6393.0,0
179,360000,1,3,1,68,1,1,0,2,-1,-1,18823.0,37726.0,59921.0,2066.0,23609.0,27495.0,4562.0,6924.0,2584.0,3769.0,3331.0,928.0,1
180,90000,2,3,3,48,0,0,-1,0,0,1,34349.0,44753.0,27781.0,43754.0,12098.0,28529.0,462.0,1497.0,3515.0,5272.0,6413.0,5670.0,1
181,360000,2,4,2,39,0,0,-1,0,-1,2,44694.0,30057.0,45514.0,41019.0,25132.0,35335.0,7456.0,1494.0,306.0,629.0,1514.0,2724.0,0
182,20000,2,2,2,43,1,-1,-1,0,-1,-1,36505.0,18756.0,49199.0,3981.0,8199.0,27064.0,1023.0,2947.0,2969.0,4283.0,5347.0,1656.0,0
183,90000,1,2,1,35,0,-1,0,1,0,1,12478.0,54979.0,6976.0,3064.0,32979.0,46394.0,572.0,1636.0,4987.0,3669.0,7865.0,4319.0,0
184,120000,1,4,3,53,-1,0,-1,0,-1,0,40896.0,39794.0,41442.0,6988.0,37561.0,3527.0,2061.0,2136.0,7245.0,7286.0,6800.0,7453.0,0
185,90000,1,2,2,38,-1,-1,0,0,0,3,44603.0,53132.0,20329.0,3054.0,59117.0,11558.0,6105.0,1038.0,7379.0,3387.0,365.0,7181.0,0
186,90000,2,1,3,48,-1,-1,-1,0,2,-1,7344.0,14228.0,7947.0,36975.0,19131.0,53542.0,7255.0,6631.0,6569.0,825.0,911.0,3233.0,0
187,20000,1,3,3,39,0,1,-1,0,0,-1,9926.0,50295.0,10221.0,7957.0,11868.0,52940.0,2008.0,6373.0,171.0,5577.0,5029.0,29.0,1
188,50000,2,2,1,36,0,1,2,0,0,0,40495.0,19405.0,6851.0,36418.0,8000.0,49088.0,4149.0,1155.0,6489.0,1197.0,7396.0,7100.0,1
189,20000,2,4,1,68,0,-1,-1,-1,-1,1,7138.0,27629.0,53864.0,10568.0,22630.0,22125.0,6190.0,4293.0,1748.0,7272.0,6752.0,7178.0,0
190,50000,1,4,3,37,-1,-1,-1,0,-1,0,52821.0,51625.0,46315.0,58347.0,36067.0,27375.0,6375.0,5169.0,4929.0,3067.0,7231.0,4840.0,0
191,120000,1,2,2,24,1,3,-1,0,-1,0,6574.0,21283.0,6128.0,43555.0,3997.0,1516.0,1223.0,5020.0,7571.0,6276.0,1197.0,5028.0,1
192,120000,1,3,2,39,2,0,3,-1,1,-1,58453.0,15030.0,37527.0,22472.0,45539.0,16766.0,6706.0,7871.0,7103.0,5247.0,4153.0,4213.0,1
193,120000,2,4,1,47,-1,0,0,1,1,0,40290.0,54932.0,39625.0,25722.0,27606.0,43586.0,6938.0,5130.0,5315.0,3718.0,5807.0,99.0,0
194,50000,2,3,2,25,0,-1,0,0,-1,1,26583.0,57859.0,31162.0,3904.0,47591.0,20575.0,5879.0,5496.0,2394.0,4672.0,4997.0,1276.0,0
195,360000,1,1,3,35,0,-1,3,-1,-1,-1,16103.0,18664.0,36366.0,3292.0,27816.0,28815.0,4217.0,262.0,4167.0,1461.0,6216.0,1147.0,1
196,10000,1,3,1,29,0,-1,-1,1,-1,0,20670.0,18375.0,54435.0,32252.0,9330.0,7389.0,3131.0,633.0,5629.0,592.0,1702.0,7314.0,0
197,50000,2,3,2,45,-1,0,3,0,0,0,44910.0,13660.0,31131.0,1365.0,1287.0,29782.0,7115.0,4951.0,4113.0,6130.0,3656.0,398.0,1
198,10000,1,3,3,56,1,-1,-1,1,0,0,45198.0,1411.0,39575.0,38300.0,33412.0,43307.0,6910.0,7262.0,3235.0,7667.0,3583.0,4453.0,0
199,50000,1,1,1,68,3,-1,0,-1,0,0,12519.0,33172.0,34265.0,22946.0,32366.0,34327.0,4145.0,3192.0,3222.0,6895.0,7519.0,2902.0,1
200,360000,1,2,1,40,0,0,0,1,2,1,32572.0,15294.0,23768.0,8376.0,48820.0,33400.0,5936.0,5144.0,4799.0,2440.0,1621.0,48.0,0
201,50000,1,4,3,63,2,2,-1,0,-1,3,59576.0,50944.0,53451.0,32141.0,52635.0,54875.0,3199.0,1680.0,286.0,2864.0,2610.0,7353.0,1
202,360000,1,1,1,31,3,1,2,0,0,0,15438.0,10272.0,24835.0,33171.0,9665.0,14046.0,5945.0,3650.0,7985.0,2871.0,175.0,146.0,1
203,90000,2,2,2,59,-1,0,-1,-1,0,-1,41604.0,38116.0,47997.0,44778.0,18881.0,17966.0,714.0,6010.0,816.0,5620.0,1214.0,6846.0,0
204,120000,2,2,2,48,0,0,3,0,-1,-1,10329.0,30409.0,36314.0,11866.0,12460.0,37380.0,7212.0,5277.0,7876.0,4989.0,7847.0,6221.0,1
205,90000,2,1,3,58,0,0,-1,0,2,-1,50045.0,36715.0,41097.0,32842.0,6402.0,28811.0,4124.0,913.0,283.0,6371.0,6781.0,6349.0,1
206,20000,2,1,1,58,3,-1,0,0,-1,-1,10213.0,6762.0,45616.0,50683.0,144.0,58753.0,4789.0,7032.0,4100.0,7561.0,2073.0,1295.0,1
207,180000,2,2,2,47,-1,0,3,0,0,-1,17857.0,27993.0,44156.0,16199.0,4938.0,3580.0,1515.0,7417.0,3340.0,3139.0,5616.0,7048.0,1
208,360000,1,4,1,33,0,0,-1,1,0,0,27550.0,37562.0,33861.0,50109.0,31478.0,7343.0,4228.0,3817.0,4590.0,5301.0,4744.0,4789.0,0
209,20000,1,1,3,46,1,0,2,0,2,-1,22239.0,20456.0,36929.0,43401.0,9111.0,20519.0,25.0,2726.0,3468.0,4003.0,7252.0,3215.0,1
210,180000,2,2,2,61,-1,1,0,-1,0,-1,10207.0,52493.0,30525.0,25777.0,11680.0,27509.0,7121.0,4250.0,7178.0,7638.0,2402.0,5448.0,1
211,20000,1,1,2,68,1,3,0,2,-1,1,38459.0,31772.0,20347.0,52991.0,7070.0,53427.0,5990.0,6410.0,133.0,2832.0,7954.0,2731.0,1
212,180000,2,3,2,66,-1,-1,-1,0,1,-1,1183.0,21751.0,43614.0,58004.0,43454.0,29649.0,3635.0,3619.0,7885.0,1500.0,2964.0,2234.0,0
213,180000,2,2,1,29,3,-1,0,3,1,0,59011.0,1849.0,52732.0,14211.0,38140.0,26229.0,6686.0,241.0,5515.0,3030.0,5734.0,2305.0,1
214,90000,1,4,3,50,1,-1,0,3,0,2,3125.0,10109.0,42315.0,58786.0,57732.0,10007.0,6492.0,580.0,6228.0,4950.0,3182.0,4554.0,1
215,180000,2,3,2,26,-1,-1,0,2,1,0,20031.0,28595.0,46330.0,144.0,6689.0,26054.0,952.0,6492.0,1118.0,7626.0,5372.0,4808.0,0
216,20000,2,4,1,53,1,-1,-1,1,-1,-1,55793.0,24001.0,49820.0,7755.0,12525.0,31894.0,430.0,6296.0,521.0,6631.0,2680.0,1922.0,0
217,10000,1,3,2,69,-1,-1,-1,0,0,-1,9304.0,52290.0,22041.0,2590.0,27342.0,35027.0,2028.0,6176.0,3176.0,146.0,6746.0,1964.0,0
218,10000,1,2,3,23,0,1,1,-1,1,0,4377.0,47158.0,3753.0,22062.0,38945.0,36358.0,10.0,1011.0,2581.0,4072.0,5099.0,7570.0,1
219,90000,2,4,3,53,0,0,-1,0,-1,0,44635.0,9538.0,20254.0,56218.0,7804.0,25778.0,4585.0,1365.0,6263.0,1272.0,2310.0,4119.0,1
220,360000,2,2,2,67,1,2,0,1,0,-1,4390.0,35489.0,45297.0,36019.0,12710.0,9440.0,4226.0,3156.0,7172.0,2897.0,7687.0,6881.0,1
221,10000,1,4,1,62,-1,-1,3,0,2,0,53975.0,27264.0,48943.0,36994.0,25290.0,9163.0,4303.0,1846.0,3419.0,7551.0,5673.0,2641.0,1
222,90000,2,4,2,40,-1,-1,-1,1,1,0,27071.0,6068.0,30825.0,5090.0,1080.0,9283.0,588.0,3094.0,6146.0,7878.0,3429.0,2304.0,0
223,120000,1,3,2,26,0,0,-1,-1,1,-1,52159.0,39954.0,46715.0,30967.0,23716.0,37115.0,7345.0,4467.0,476.0,1229.0,1087.0,2260.0,0
224,20000,2,3,2,66,0,-1,0,-1,-1,0,14706.0,32231.0,4481.0,22959.0,45513.0,51380.0,7812.0,2240.0,5937.0,1127.0,7786.0,4230.0,1
225,180000,2,2,1,66,0,-1,-1,0,3,-1,8468.0,5247.0,38647.0,28765.0,31598.0,52986.0,4724.0,987.0,794.0,5570.0,6039.0,6232.0,0
226,50000,1,4,2,49,-1,3,0,0,-1,-1,57761.0,28085.0,40740.0,15670.0,26040.0,18683.0,44.0,3220.0,5343.0,3287.0,5342.0,4005.0,1
227,180000,2,3,2,68,-1,-1,0,-1,0,1,45730.0,43900.0,30470.0,12094.0,29274.0,4777.0,3167.0,5780.0,3057.0,3462.0,6664.0,2359.0,0
228,120000,2,4,3,21,1,-1,0,-1,0,-1,54659.0,19626.0,42992.0,57123.0,56807.0,37820.0,5745.0,4944.0,3322.0,6986.0,4857.0,7680.0,1
229,90000,2,2,2,51,-1,0,-1,1,1,0,19193.0,21413.0,29488.0,33504.0,31226.0,2302.0,5989.0,2571.0,2210.0,7364.0,1856.0,4579.0,0
230,20000,1,4,2,22,-1,0,0,0,2,0,24284.0,6609.0,31417.0,24695.0,32057.0,37606.0,1947.0,2491.0,3225.0,7203.0,1896.0,3152.0,0
231,90000,1,2,2,66,2,0,0,-1,0,-1,34633.0,12260.0,36237.0,4428.0,55848.0,22986.0,6581.0,4669.0,6995.0,6263.0,632.0,77.0,1
232,180000,1,1,1,54,-1,-1,-1,-1,0,2,26923.0,58866.0,47627.0,45760.0,9448.0,50350.0,7740.0,1380.0,6471.0,7843.0,503.0,4497.0,0
233,10000,1,1,1,65,0,1,0,0,0,-1,14559.0,37247.0,14922.0,28354.0,5757.0,37522.0,4069.0,6669.0,2722.0,5758.0,5829.0,4968.0,1
234,180000,1,3,3,48,-1,-1,1,-1,0,-1,22506.0,10562.0,18014.0,23202.0,26986.0,44393.0,3052.0,6954.0,2350.0,7078.0,6815.0,7429.0,0
235,90000,2,2,3,25,1,0,0,0,0,2,36525.0,28965.0,25130.0,40016.0,19115.0,24343.0,4209.0,203.0,4072.0,4323.0,1311.0,1845.0,1
236,180000,2,1,3,22,0,0,0,1,-1,0,2271.0,11564.0,12114.0,7908.0,12173.0,50434.0,218.0,7766.0,5478.0,407.0,4591.0,1302.0,0
237,120000,2,2,2,37,1,1,-1,-1,0,0,20156.0,26564.0,20053.0,31991.0,7170.0,31507.0,4187.0,187.0,1458.0,6531.0,991.0,7994.0,1
238,90000,1,3,1,57,-1,-1,-1,0,1,-1,17570.0,8734.0,21044.0,51789.0,52681.0,37512.0,215.0,3668.0,5809.0,7438.0,3315.0,4403.0,0
239,50000,1,2,3,28,0,0,-1,-1,0,-1,4219.0,37128.0,18854.0,27838.0,36857.0,21637.0,278.0,5338.0,7589.0,2498.0,6325.0,214.0,0
240,120000,2,4,2,62,1,-1,-1,-1,1,0,7360.0,34211.0,24603.0,25.0,41454.0,26967.0,4426.0,2616.0,6756.0,3425.0,6495.0,845.0,0
241,10000,1,4,1,32,-1,-1,3,1,-1,-1,29740.0,38006.0,30286.0,13795.0,7085.0,50408.0,4086.0,1628.0,4386.0,4576.0,7590.0,3803.0,1
242,120000,2,3,3,45,-1,-1,-1,0,0,-1,6142.0,26620.0,41756.0,3356.0,20474.0,23613.0,7893.0,379.0,2559.0,5212.0,2484.0,4939.0,0
243,10000,2,4,3,30,-1,0,1,1,-1,1,20694.0,17158.0,18176.0,30011.0,37249.0,1282.0,4061.0,5819.0,2587.0,5398.0,7589.0,1949.0,1
244,120000,1,2,3,43,2,-1,-1,-1,-1,-1,33651.0,14973.0,50731.0,21863.0,31669.0,22741.0,7838.0,294.0,5935.0,3154.0,6268.0,2925.0,1
245,120000,1,1,1,43,0,0,-1,-1,0,-1,52430.0,12908.0,28765.0,7945.0,41692.0,23517.0,6456.0,3873.0,3638.0,6835.0,2709.0,5889.0,0
246,10000,1,1,3,21,0,-1,0,0,-1,-1,5925.0,25765.0,43255.0,41213.0,40168.0,25103.0,2698.0,3143.0,851.0,6509.0,2623.0,7741.0,0
247,180000,1,4,2,48,0,1,-1,0,-1,0,26078.0,27087.0,6888.0,10596.0,24800.0,4239.0,7409.0,7741.0,5421.0,7538.0,860.0,3928.0,1
248,50000,1,4,2,59,0,1,1,3,0,0,6175.0,40411.0,10439.0,20502.0,46971.0,7758.0,3861.0,7441.0,1104.0,4607.0,7367.0,3323.0,1
249,180000,2,3,3,66,0,-1,2,-1,0,1,25714.0,3146.0,27213.0,59262.0,15577.0,19442.0,4759.0,6540.0,7895.0,619.0,1626.0,2889.0,0
250,10000,2,1,2,37,0,-1,1,1,0,-1,28830.0,16902.0,21973.0,3978.0,4808.0,25437.0,803.0,5845.0,3338.0,6764.0,2143.0,1089.0,0
251,20000,2,2,1,64,0,-1,-1,1,-1,-1,47955.0,51157.0,29767.0,14862.0,54802.0,1740.0,1700.0,4343.0,2735.0,635.0,3303.0,422.0,0
252,90000,2,1,1,64,-1,1,1,0,0,0,26536.0,54914.0,9504.0,19070.0,1351.0,23366.0,4177.0,2794.0,441.0,1550.0,1100.0,6671.0,0
253,20000,2,1,2,69,1,-1,-1,-1,0,-1,56130.0,55854.0,28416.0,30524.0,17020.0,19207.0,2169.0,1333.0,1341.0,2281.0,6447.0,297.0,1
254,50000,1,1,3,39,1,0,2,0,0,0,8258.0,18380.0,41203.0,14698.0,6867.0,2074.0,4797.0,7744.0,7581.0,1479.0,5584.0,6566.0,1
255,120000,1,3,3,62,-1,0,0,-1,0,2,3189.0,8227.0,43707.0,58201.0,13909.0,15024.0,639.0,3079.0,4296.0,5789.0,1253.0,1978.0,0
256,20000,2,1,2,48,0,1,-1,1,-1,0,266.0,11890.0,14890.0,325.0,23699.0,16507.0,2008.0,3430.0,7215.0,3523.0,1302.0,5558.0,0
257,120000,1,4,3,23,-1,0,-1,0,2,0,21404.0,7912.0,20665.0,56883.0,7776.0,8611.0,5321.0,1129.0,7647.0,1754.0,175.0,7612.0,0
258,10000,1,2,3,34,3,0,-1,2,-1,3,11578.0,57274.0,31523.0,32088.0,28002.0,45114.0,4896.0,2214.0,391.0,38.0,7594.0,5990.0,1
259,20000,2,2,2,53,2,3,-1,0,0,-1,5495.0,53003.0,31078.0,2297.0,55639.0,4342.0,7869.0,5076.0,3046.0,1731.0,3486.0,5836.0,1
260,120000,2,3,2,28,2,-1,2,0,-1,2,14153.0,48633.0,47509.0,6998.0,8187.0,34676.0,7197.0,3410.0,6706.0,5542.0,5244.0,2117.0,1
261,180000,2,4,3,42,-1,1,1,0,0,0,58499.0,43788.0,23417.0,6183.0,55594.0,39920.0,6484.0,4686.0,3965.0,6354.0,1199.0,4785.0,1
262,20000,2,2,2,58,-1,-1,3,0,-1,0,48014.0,20588.0,40256.0,17249.0,24669.0,48370.0,7.0,1692.0,4070.0,2368.0,1846.0,5136.0,1
263,50000,1,1,1,28,-1,0,-1,2,1,2,1114.0,28541.0,53025.0,19983.0,35547.0,32734.0,4819.0,656.0,4560.0,585.0,4331.0,3402.0,0
264,360000,2,1,3,45,-1,1,0,-1,-1,0,54926.0,50485.0,17902.0,38471.0,26497.0,32561.0,1831.0,7085.0,5615.0,4458.0,1670.0,304.0,1
265,360000,2,4,2,31,-1,0,-1,3,0,0,12315.0,48862.0,49378.0,18672.0,18998.0,45648.0,2135.0,3456.0,7510.0,6263.0,4903.0,7299.0,0
266,120000,2,1,2,47,-1,0,0,1,-1,-1,24356.0,31128.0,19972.0,43506.0,6545.0,51245.0,1679.0,2889.0,7095.0,560.0,7391.0,1575.0,0
267,90000,2,3,3,32,3,-1,-1,1,-1,0,19658.0,50253.0,20063.0,17627.0,35600.0,12656.0,3647.0,2288.0,5000.0,6364.0,2440.0,7787.0,1
268,50000,2,2,3,68,-1,0,-1,0,0,0,24301.0,20805.0,39201.0,15807.0,54999.0,47764.0,991.0,5263.0,4615.0,1365.0,4862.0,7458.0,0
269,120000,1,4,1,24,-1,-1,0,1,0,-1,45643.0,24810.0,37307.0,16521.0,31247.0,27742.0,4254.0,4504.0,2887.0,2063.0,7325.0,150.0,0
270,120000,1,1,2,68,1,0,-1,-1,0,0,42748.0,50376.0,32968.0,19751.0,35948.0,5897.0,1328.0,3112.0,930.0,4982.0,7149.0,5913.0,0
271,50000,1,4,1,59,0,0,0,1,3,0,35642.0,22585.0,13873.0,50264.0,38624.0,36745.0,4003.0,7447.0,5672.0,410.0,61.0,5072.0,1
272,10000,1,3,2,62,1,-1,0,-1,0,-1,37615.0,45129.0,5783.0,14814.0,23312.0,58620.0,5007.0,7213.0,20.0,2445.0,881.0,1845.0,1
273,20000,1,2,2,62,0,-1,-1,-1,3,-1,43651.0,27197.0,54536.0,16395.0,7235.0,8442.0,1437.0,1588.0,5585.0,1111.0,7889.0,6502.0,0
274,360000,1,1,2,30,1,-1,2,0,-1,0,11048.0,17872.0,52439.0,57413.0,30414.0,884.0,821.0,5139.0,3975.0,1717.0,7403.0,891.0,1
275,50000,2,4,3,66,0,-1,0,-1,1,-1,23740.0,13130.0,53200.0,39224.0,52135.0,54991.0,6450.0,7746.0,6291.0,6187.0,2575.0,1989.0,0
276,90000,2,2,2,50,0,-1,1,-1,0,-1,6461.0,36400.0,30756.0,11431.0,18851.0,35810.0,5908.0,3906.0,7593.0,1830.0,4160.0,7591.0,1
277,90000,2,2,2,68,0,1,0,1,0,0,42250.0,28779.0,53072.0,52090.0,52288.0,13145.0,2091.0,241.0,4423.0,347.0,4582.0,5942.0,1
278,180000,2,2,2,64,0,0,0,-1,3,-1,26256.0,22163.0,28401.0,10990.0,51259.0,47550.0,7096.0,1057.0,4580.0,1718.0,5347.0,897.0,1
279,10000,2,1,1,49,-1,-1,0,0,0,-1,38236.0,44589.0,4530.0,9726.0,14688.0,23620.0,1769.0,5341.0,3898.0,694.0,6003.0,1152.0,0
280,10000,2,2,1,39,0,0,1,-1,1,0,33889.0,63.0,11906.0,26702.0,34500.0,19913.0,7412.0,7215.0,2983.0,4982.0,2983.0,2056.0,0
281,20000,1,1,3,26,-1,1,0,1,0,-1,16417.0,5531.0,16356.0,41476.0,44853.0,17388.0,906.0,1027.0,711.0,7782.0,7119.0,564.0,0
282,90000,2,1,1,25,1,-1,-1,1,-1,3,8322.0,57708.0,22619.0,11358.0,29693.0,35914.0,5281.0,4374.0,247.0,1341.0,473.0,1461.0,0
283,120000,1,2,1,40,-1,-1,-1,0,0,2,58376.0,39811.0,56343.0,45199.0,41962.0,8072.0,153.0,3974.0,5784.0,5830.0,259.0,4574.0,0
284,90000,1,1,3,60,-1,-1,0,0,0,0,17596.0,32977.0,19969.0,9402.0,54653.0,21727.0,1579.0,2280.0,7319.0,2901.0,7663.0,59.0,0
285,90000,2,2,1,45,-1,-1,-1,2,2,3,6573.0,884.0,36757.0,46905.0,37636.0,18304.0,3237.0,5053.0,430.0,574.0,1417.0,2299.0,0
286,360000,2,4,2,44,1,1,-1,1,1,1,18356.0,35905.0,16244.0,5752.0,50278.0,3636.0,682.0,7023.0,2617.0,5503.0,7956.0,2513.0,1
287,20000,1,1,3,32,-1,3,-1,-1,-1,-1,54145.0,26087.0,38596.0,27866.0,48057.0,45789.0,3655.0,1913.0,4865.0,1679.0,2287.0,7766.0,1
288,120000,1,1,2,48,0,-1,0,0,-1,0,15677.0,35993.0,34044.0,38410.0,48768.0,507.0,1856.0,435.0,5638.0,4109.0,2916.0,7793.0,0
289,90000,1,1,1,52,1,0,-1,1,-1,-1,59207.0,2460.0,9025.0,15934.0,51141.0,57583.0,791.0,2872.0,5882.0,4056.0,223.0,6763.0,1
290,90000,1,3,1,69,-1,-1,0,-1,0,0,27645.0,33038.0,27736.0,36724.0,13536.0,5691.0,7695.0,2512.0,5553.0,4778.0,7550.0,2735.0,0
291,180000,1,2,3,56,1,0,1,1,-1,0,51708.0,34672.0,6323.0,41318.0,1101.0,21494.0,7854.0,5817.0,670.0,1079.0,2874.0,4218.0,1
292,20000,2,2,1,50,-1,1,1,-1,0,-1,39183.0,17402.0,53351.0,39009.0,9187.0,5904.0,7698.0,4294.0,2031.0,2007.0,1341.0,4034.0,1
293,360000,2,1,3,65,-1,-1,-1,1,0,-1,2636.0,3270.0,42247.0,23813.0,14980.0,22012.0,1232.0,143.0,3753.0,5898.0,3866.0,6881.0,0
294,50000,2,2,1,41,0,-1,0,-1,1,2,30563.0,58294.0,56480.0,46398.0,41405.0,36653.0,3055.0,2718.0,510.0,7461.0,1237.0,5967.0,1
295,90000,2,2,1,66,2,0,0,-1,-1,-1,25015.0,42563.0,52537.0,43899.0,30596.0,5248.0,2619.0,5880.0,2745.0,93.0,6318.0,7252.0,1
296,90000,2,2,3,39,-1,3,0,3,0,-1,12087.0,37300.0,13168.0,19581.0,28118.0,31551.0,2606.0,3813.0,3080.0,3311.0,584.0,4408.0,1
297,180000,2,3,3,27,0,-1,0,1,-1,-1,32999.0,46025.0,42433.0,44005.0,544.0,46312.0,3332.0,4502.0,7824.0,7051.0,3993.0,7353.0,0
298,90000,1,4,3,41,-1,-1,-1,1,1,0,6176.0,40255.0,6006.0,55105.0,41022.0,27327.0,4080.0,2114.0,2537.0,2295.0,3130.0,5948.0,0
299,20000,1,2,3,27,0,-1,3,2,-1,1,41897.0,8063.0,57635.0,49002.0,21854.0,6746.0,3881.0,2555.0,7770.0,3580.0,297.0,5910.0,1
300,10000,2,4,1,26,0,0,-1,0,-1,1,49312.0,27287.0,47120.0,43992.0,45637.0,41515.0,2333.0,1040.0,5602.0,7234.0,418.0,5293.0,0
301,50000,1,3,3,64,0,0,1,-1,-1,0,5552.0,53320.0,40828.0,45991.0,6765.0,11188.0,7838.0,653.0,5538.0,7751.0,4149.0,2685.0,1
302,180000,1,2,3,59,0,1,0,-1,1,-1,28758.0,17271.0,59691.0,48282.0,17718.0,1009.0,7837.0,294.0,6558.0,5242.0,3157.0,4868.0,1
303,10000,1,1,1,31,-1,1,-1,0,-1,-1,39307.0,58332.0,50814.0,17347.0,3281.0,26207.0,2649.0,4995.0,6738.0,5553.0,1037.0,2852.0,1
304,360000,2,2,1,62,0,1,0,-1,0,0,3728.0,3860.0,51816.0,43257.0,17079.0,16259.0,1769.0,1261.0,1779.0,4911.0,1107.0,5197.0,1
305,90000,1,3,3,24,0,1,-1,2,0,1,23359.0,19843.0,6007.0,11965.0,55401.0,1708.0,4261.0,4590.0,3367.0,2269.0,6438.0,2038.0,1
306,10000,2,1,1,34,0,-1,1,-1,1,0,15487.0,21013.0,1421.0,21507.0,29449.0,46643.0,2953.0,7623.0,4225.0,7093.0,5844.0,6393.0,0
307,50000,1,4,3,55,-1,0,0,-1,-1,0,2355.0,37045.0,57666.0,56071.0,26373.0,35983.0,7897.0,5577.0,7814.0,272.0,4862.0,4570.0,1
308,90000,1,2,1,35,0,-1,-1,-1,-1,0,48242.0,10565.0,15075.0,16981.0,16412.0,54598.0,3434.0,4603.0,324.0,468.0,6666.0,5681.0,0
309,50000,1,4,1,56,0,-1,-1,-1,0,0,26680.0,13748.0,25584.0,50617.0,15892.0,28822.0,318.0,934.0,3814.0,4814.0,554.0,1774.0,0
310,10000,1,3,1,63,-1,2,1,-1,-1,0,45103.0,39725.0,2600.0,25351.0,40037.0,26300.0,1000.0,3911.0,1714.0,6701.0,5502.0,6334.0,1
311,120000,2,2,1,24,-1,0,-1,0,0,0,35224.0,17077.0,37383.0,12591.0,59110.0,50557.0,596.0,7129.0,1654.0,6513.0,6020.0,6420.0,0
312,120000,1,1,3,22,0,3,1,-1,-1,0,52548.0,52740.0,49246.0,5821.0,44803.0,4889.0,3062.0,3074.0,6094.0,5422.0,1603.0,1164.0,1
313,10000,1,3,3,67,0,0,1,0,0,0,59820.0,52211.0,50504.0,32893.0,44219.0,21700.0,2532.0,6609.0,1615.0,3010.0,4290.0,2800.0,1
314,20000,2,2,3,46,-1,0,0,1,-1,2,36125.0,18165.0,34884.0,27076.0,28322.0,47923.0,6853.0,5667.0,6347.0,2879.0,6134.0,5421.0,0
315,20000,2,1,3,45,1,0,-1,0,0,0,21130.0,33596.0,39679.0,30680.0,5918.0,17552.0,7124.0,2134.0,7951.0,3405.0,4827.0,6988.0,1
316,120000,1,4,1,43,0,-1,0,0,-1,-1,25374.0,19972.0,30823.0,2588.0,43427.0,53110.0,1122.0,1130.0,6211.0,2050.0,1996.0,5896.0,0
317,180000,2,2,3,42,1,-1,2,-1,0,-1,49524.0,20692.0,26768.0,16087.0,48523.0,17041.0,7556.0,135.0,1359.0,3353.0,5318.0,3773.0,1
318,180000,2,1,2,54,0,0,-1,-1,-1,0,25598.0,40221.0,33266.0,236.0,30626.0,24819.0,4672.0,2209.0,1139.0,838.0,6075.0,2399.0,1
319,360000,1,2,2,49,0,-1,-1,-1,3,0,31184.0,17587.0,56153.0,18149.0,5490.0,53841.0,2454.0,2663.0,3497.0,2558.0,77.0,7279.0,0
320,180000,2,2,3,29,0,2,-1,3,0,0,11640.0,8956.0,15147.0,55889.0,42772.0,14601.0,3253.0,5247.0,4408.0,7528.0,4539.0,6996.0,1
321,50000,2,4,3,51,2,-1,-1,0,-1,0,59403.0,15546.0,28211.0,9138.0,55263.0,58086.0,3531.0,4580.0,6226.0,5655.0,4036.0,7174.0,1
322,10000,2,3,3,53,0,-1,0,-1,-1,-1,39047.0,55766.0,36098.0,41360.0,13498.0,2638.0,1364.0,3832.0,3381.0,1135.0,2933.0,2437.0,0
323,120000,1,1,2,26,0,1,0,0,-1,0,19812.0,15559.0,34208.0,346.0,9566.0,15947.0,6939.0,5783.0,1336.0,2290.0,353.0,3491.0,1
324,360000,1,1,2,39,0,-1,0,1,-1,0,35104.0,21830.0,1840.0,33710.0,44330.0,35464.0,98.0,6160.0,7931.0,2075.0,667.0,1950.0,0
325,360000,1,3,3,59,0,2,-1,0,-1,0,24068.0,37729.0,17240.0,55256.0,19909.0,35646.0,557.0,5707.0,7236.0,2253.0,6001.0,7636.0,1
326,20000,2,1,1,51,-1,0,-1,0,1,0,9291.0,6071.0,38760.0,20466.0,42907.0,54592.0,2186.0,7176.0,5232.0,5528.0,6620.0,6936.0,0
327,20000,2,2,1,27,0,-1,-1,1,0,-1,52484.0,16107.0,41645.0,11829.0,42190.0,57588.0,1148.0,2877.0,5563.0,7160.0,3354.0,1386.0,0
328,10000,1,1,2,22,0,0,1,0,-1,0,53139.0,10481.0,44066.0,34232.0,15996.0,40673.0,494.0,6586.0,7481.0,5681.0,7517.0,1976.0,1
329,10000,1,1,1,49,2,0,0,0,0,1,50093.0,55461.0,59482.0,16736.0,2535.0,39584.0,3067.0,3366.0,3798.0,3907.0,7421.0,4416.0,1
330,90000,2,4,1,43,0,1,-1,-1,-1,2,22108.0,55964.0,40381.0,53494.0,33358.0,19034.0,3014.0,1473.0,1162.0,1286.0,5327.0,3324.0,1
331,90000,2,1,3,68,0,1,1,-1,3,0,15384.0,45344.0,34780.0,50939.0,24466.0,48339.0,1004.0,1166.0,4847.0,1143.0,4647.0,3679.0,1
332,50000,2,1,3,46,3,0,-1,3,-1,-1,2984.0,14827.0,19927.0,39142.0,51318.0,38573.0,6481.0,731.0,3606.0,6513.0,7716.0,2943.0,1
333,50000,1,4,2,66,0,0,-1,0,0,0,43892.0,36984.0,22225.0,38342.0,21478.0,1444.0,7060.0,7644.0,6398.0,5421.0,4878.0,5391.0,0
334,180000,2,1,2,31,-1,-1,-1,0,1,0,19672.0,39736.0,49575.0,36148.0,14971.0,49924.0,5757.0,1355.0,6172.0,4082.0,7472.0,7184.0,0
335,90000,1,4,2,42,-1,0,3,0,-1,-1,53533.0,52162.0,28122.0,44117.0,51610.0,21579.0,4177.0,6682.0,3771.0,4617.0,7831.0,7337.0,1
336,180000,2,1,3,27,-1,2,0,-1,-1,1,52191.0,9369.0,42932.0,27612.0,44158.0,28549.0,7579.0,6268.0,2942.0,6787.0,1556.0,3641.0,1
337,360000,1,1,2,49,-1,0,0,1,-1,-1,7690.0,44175.0,7447.0,58184.0,37101.0,29165.0,2804.0,3513.0,3376.0,6510.0,5285.0,6623.0,0
338,50000,1,1,1,30,0,0,-1,-1,1,-1,55017.0,11646.0,7697.0,20741.0,57238.0,49184.0,3416.0,7310.0,5060.0,698.0,5849.0,5554.0,0
339,20000,1,3,2,45,1,0,-1,1,0,-1,8417.0,34121.0,12928.0,536.0,46979.0,16075.0,120.0,7266.0,5096.0,3160.0,6560.0,1575.0,0
340,360000,2,3,2,37,0,1,0,0,0,-1,29423.0,52754.0,11708.0,41912.0,51974.0,23514.0,5662.0,7403.0,4093.0,342.0,2794.0,6352.0,1
341,120000,2,2,3,30,-1,3,-1,-1,1,1,28435.0,3724.0,36419.0,39733.0,47940.0,2347.0,739.0,3975.0,4255.0,3078.0,6892.0,2803.0,1
342,50000,1,1,3,25,0,-1,2,-1,1,0,57380.0,8881.0,38226.0,58858.0,24091.0,20910.0,5322.0,2385.0,7935.0,5095.0,3900.0,5023.0,0
343,120000,2,1,3,46,-1,-1,1,1,0,-1,39438.0,48787.0,33474.0,23719.0,3741.0,5302.0,6259.0,350.0,2029.0,1667.0,3094.0,5765.0,0
344,90000,1,3,2,67,2,0,0,-1,0,0,52514.0,1125.0,17364.0,25485.0,36432.0,34979.0,1736.0,6722.0,1390.0,1200.0,1255.0,7549.0,1
345,360000,1,1,2,30,-1,0,0,-1,0,-1,35748.0,41107.0,34600.0,33720.0,45893.0,53591.0,4896.0,6983.0,6393.0,3927.0,2569.0,7586.0,0
346,20000,1,3,2,40,0,0,3,1,-1,-1,49513.0,30073.0,7165.0,23532.0,59506.0,27881.0,2428.0,4289.0,7482.0,4199.0,7798.0,6420.0,1
347,360000,2,3,1,32,-1,-1,0,-1,1,-1,51127.0,20796.0,28370.0,47091.0,40896.0,54726.0,3186.0,567.0,4869.0,5712.0,5729.0,4047.0,0
348,360000,1,4,3,60,0,0,0,-1,-1,0,51582.0,51763.0,9298.0,25686.0,34106.0,58626.0,4238.0,6582.0,3212.0,112.0,5809.0,3201.0,0
349,20000,2,2,3,41,0,0,2,-1,-1,-1,24697.0,50937.0,4604.0,47017.0,34542.0,3228.0,1995.0,2386.0,2788.0,1983.0,7165.0,3529.0,1
350,20000,1,1,3,68,1,0,-1,1,1,1,22912.0,19559.0,9937.0,25532.0,6901.0,30983.0,6373.0,4386.0,3743.0,6239.0,2135.0,7606.0,1
351,90000,1,2,1,33,-1,0,1,-1,-1,-1,59089.0,265.0,6668.0,13505.0,442.0,31696.0,3157.0,5275.0,419.0,5455.0,5292.0,1640.0,1
352,10000,1,4,1,24,2,0,-1,-1,-1,0,45388.0,7689.0,28667.0,59437.0,2725.0,23110.0,3694.0,1167.0,4228.0,7196.0,2971.0,4196.0,1
353,50000,2,3,3,49,0,0,0,-1,-1,1,55038.0,6441.0,32749.0,31589.0,54292.0,49828.0,6517.0,502.0,2156.0,6518.0,6783.0,5436.0,1
354,90000,1,3,2,52,1,1,1,-1,0,-1,34640.0,58933.0,36443.0,42406.0,47418.0,23696.0,1821.0,633.0,2122.0,6711.0,3379.0,180.0,1
355,360000,2,2,3,69,1,0,0,-1,1,-1,55741.0,35813.0,26382.0,35475.0,15610.0,3311.0,3618.0,7672.0,4482.0,4085.0,6839.0,5079.0,1
356,360000,2,1,2,63,3,0,0,-1,-1,2,43181.0,40604.0,10584.0,21551.0,25417.0,32876.0,7947.0,7657.0,7709.0,7666.0,5980.0,2080.0,1
357,20000,1,4,2,64,-1,0,0,-1,-1,0,44553.0,13854.0,1253.0,58328.0,29016.0,12114.0,3197.0,3414.0,1646.0,3327.0,6175.0,2245.0,1
358,360000,2,4,2,52,-1,-1,-1,0,0,0,10667.0,51041.0,42749.0,22290.0,14808.0,21294.0,924.0,3406.0,7291.0,7224.0,7405.0,4973.0,0
359,10000,2,4,3,38,-1,-1,-1,1,2,-1,34013.0,43360.0,58964.0,59585.0,25360.0,30113.0,2275.0,3254.0,4155.0,3134.0,6325.0,71.0,0
360,180000,1,4,2,42,-1,0,-1,-1,-1,-1,43883.0,45128.0,16860.0,25847.0,20860.0,43374.0,7647.0,2804.0,7783.0,3552.0,2571.0,1254.0,0
361,180000,1,2,3,27,0,1,0,-1,2,0,45659.0,28094.0,12282.0,1358.0,41687.0,16689.0,6073.0,4350.0,3057.0,5485.0,4172.0,3639.0,1
362,360000,1,2,1,42,3,0,0,2,1,1,57455.0,41894.0,18693.0,2202.0,45442.0,22839.0,6472.0,2850.0,7975.0,3186.0,3780.0,4672.0,1
363,20000,2,1,2,38,3,-1,-1,1,-1,-1,19616.0,32643.0,12863.0,58419.0,5905.0,4074.0,2028.0,4929.0,5279.0,1176.0,516.0,872.0,1
364,360000,1,4,3,22,0,0,1,0,1,1,18159.0,23073.0,13409.0,31668.0,27914.0,23048.0,6711.0,3031.0,5358.0,7169.0,4745.0,2892.0,1
365,10000,2,3,3,31,0,-1,-1,-1,0,0,58168.0,35669.0,29672.0,23258.0,59474.0,34813.0,3146.0,5039.0,4505.0,3623.0,3499.0,2460.0,0
366,90000,2,2,3,47,1,0,0,0,0,-1,59169.0,19460.0,47112.0,48682.0,52109.0,37018.0,6359.0,7559.0,3613.0,7415.0,3146.0,4275.0,1
367,90000,2,4,1,39,2,1,0,-1,0,-1,10792.0,57170.0,42737.0,37028.0,47625.0,17594.0,7047.0,1646.0,4200.0,3192.0,876.0,2404.0,1
368,50000,1,3,3,69,-1,0,-1,-1,1,-1,22702.0,43017.0,57588.0,39634.0,44095.0,3650.0,1665.0,501.0,6805.0,7782.0,4033.0,14.0,0
369,10000,2,4,3,44,0,0,0,-1,1,0,56885.0,44339.0,21441.0,41126.0,259.0,34638.0,7507.0,4213.0,6338.0,4823.0,4632.0,4240.0,0
370,180000,1,4,3,67,1,-1,0,0,1,0,11983.0,43002.0,29549.0,11905.0,58440.0,39321.0,5060.0,952.0,190.0,6146.0,845.0,6787.0,0
371,50000,1,1,1,53,-1,0,-1,-1,3,0,46989.0,26900.0,22818.0,5296.0,44111.0,5110.0,5847.0,1851.0,5556.0,6044.0,5079.0,4677.0,1
372,120000,1,2,3,22,0,1,3,0,0,-1,6737.0,57035.0,2521.0,43682.0,53310.0,30298.0,6053.0,6317.0,6675.0,1615.0,1341.0,2895.0,1
373,50000,1,3,3,30,3,0,1,-1,1,0,10698.0,12471.0,23309.0,1308.0,54533.0,5705.0,1347.0,3343.0,5953.0,6523.0,1160.0,3858.0,1
374,50000,1,4,3,55,3,0,0,-1,1,0,47097.0,34119.0,15634.0,43167.0,15272.0,27181.0,5965.0,4395.0,3978.0,7559.0,3208.0,1121.0,1
375,360000,1,1,1,47,2,-1,1,1,-1,0,36448.0,4164.0,28723.0,7796.0,829.0,38450.0,1703.0,6209.0,2684.0,5289.0,3112.0,1893.0,1
376,10000,1,2,3,35,1,-1,2,1,-1,0,33289.0,17677.0,9483.0,15752.0,39543.0,43155.0,2172.0,1028.0,5385.0,7577.0,7319.0,3503.0,1
377,180000,1,3,1,46,-1,-1,-1,-1,0,-1,51395.0,34472.0,44499.0,42465.0,27538.0,42827.0,932.0,3829.0,5309.0,6768.0,541.0,4738.0,0
378,180000,2,4,2,65,-1,-1,0,0,1,0,18427.0,29371.0,50565.0,37372.0,1232.0,45495.0,1448.0,275.0,2992.0,5329.0,2794.0,3889.0,0
379,50000,1,1,2,40,0,-1,0,-1,-1,-1,30197.0,56469.0,57648.0,46892.0,16248.0,14474.0,7831.0,3993.0,3250.0,3817.0,5876.0,7703.0,0
380,20000,2,3,2,23,0,2,-1,-1,0,-1,36507.0,36822.0,5091.0,36656.0,59466.0,50775.0,2624.0,1793.0,2948.0,6858.0,1998.0,5099.0,1
381,10000,2,2,3,36,0,0,-1,0,-1,-1,44392.0,24688.0,7057.0,2870.0,21802.0,20980.0,3096.0,7289.0,359.0,1483.0,7852.0,183.0,0
382,360000,2,1,1,66,0,-1,-1,-1,-1,0,19926.0,25603.0,57988.0,50387.0,15660.0,22488.0,3838.0,2086.0,253.0,4489.0,5942.0,4196.0,0
383,360000,2,3,2,58,0,-1,0,0,0,0,38018.0,36695.0,50893.0,12944.0,39273.0,47255.0,5703.0,1601.0,664.0,6525.0,7568.0,4662.0,0
384,20000,2,2,2,62,0,-1,1,0,-1,-1,26901.0,47467.0,35310.0,8164.0,39887.0,19622.0,4590.0,113.0,3390.0,7553.0,7593.0,348.0,0
385,10000,2,3,2,65,-1,1,1,-1,1,1,32517.0,16591.0,19292.0,52712.0,19926.0,4492.0,4289.0,1066.0,4083.0,2136.0,873.0,3080.0,1
386,10000,2,2,1,26,-1,-1,-1,-1,-1,1,51759.0,35076.0,31064.0,11690.0,50949.0,42860.0,6695.0,1728.0,3266.0,751.0,3672.0,6972.0,0
387,10000,2,4,1,34,-1,1,-1,-1,2,-1,23619.0,34483.0,32139.0,32164.0,34818.0,39726.0,3967.0,1824.0,7641.0,2666.0,5956.0,2855.0,0
388,180000,1,1,1,23,-1,1,0,2,-1,0,40089.0,566.0,50841.0,29158.0,9627.0,34908.0,6152.0,5906.0,1798.0,6911.0,68.0,3652.0,1
389,360000,1,4,2,21,1,-1,0,0,3,-1,56519.0,54766.0,31763.0,46170.0,19498.0,8596.0,7287.0,7100.0,3143.0,4190.0,3616.0,1769.0,0
390,20000,2,1,2,61,0,0,2,-1,0,3,45744.0,34190.0,1652.0,2648.0,50872.0,37908.0,5409.0,6843.0,1978.0,444.0,5505.0,615.0,1
391,180000,1,3,2,66,-1,2,1,-1,-1,-1,59323.0,14524.0,41975.0,6401.0,5359.0,11904.0,282.0,7650.0,2397.0,954.0,6343.0,2545.0,1
392,20000,2,2,2,28,1,0,2,0,-1,-1,35009.0,38016.0,46629.0,24935.0,734.0,33331.0,2107.0,7185.0,4673.0,2712.0,3320.0,6182.0,1
393,50000,1,2,1,56,0,-1,1,-1,-1,0,16917.0,40668.0,17884.0,28395.0,39390.0,30475.0,4941.0,3643.0,2479.0,2741.0,6904.0,7865.0,1
394,120000,1,1,1,47,-1,2,3,0,0,-1,59483.0,54915.0,6996.0,47293.0,26518.0,46361.0,3831.0,3119.0,2542.0,1082.0,5389.0,5281.0,1
395,180000,2,3,2,24,-1,1,0,1,1,0,38674.0,2044.0,8532.0,36343.0,15169.0,58594.0,2278.0,5194.0,5366.0,3953.0,363.0,6647.0,1
396,360000,2,1,3,65,-1,0,-1,0,0,0,14484.0,24823.0,50446.0,8922.0,28322.0,11402.0,2683.0,2555.0,6642.0,3833.0,2221.0,5195.0,0
397,10000,2,3,1,63,0,0,-1,-1,0,-1,19031.0,10809.0,26852.0,58732.0,11015.0,6882.0,626.0,4829.0,1700.0,1594.0,7503.0,5269.0,0
398,20000,1,3,3,48,-1,-1,-1,-1,0,0,15737.0,34468.0,31750.0,27596.0,22445.0,33342.0,1879.0,7998.0,891.0,1857.0,19.0,3415.0,0
399,20000,2,4,2,55,-1,1,-1,-1,0,1,50016.0,30096.0,57637.0,57875.0,14034.0,57119.0,6262.0,1584.0,1915.0,5315.0,864.0,489.0,0
400,50000,2,3,1,40,-1,0,-1,0,0,1,5553.0,28499.0,3667.0,59386.0,35183.0,9486.0,81.0,6154.0,4621.0,7616.0,2755.0,3283.0,0
401,360000,2,2,2,59,0,-1,2,1,0,0,44394.0,58921.0,12356.0,3100.0,40417.0,29243.0,6694.0,7483.0,7677.0,7971.0,7950.0,6918.0,1
402,180000,2,3,1,42,-1,0,-1,-1,0,-1,33241.0,31899.0,49994.0,30355.0,54890.0,24435.0,2715.0,4298.0,1280.0,4474.0,5638.0,4290.0,0
403,50000,2,4,1,69,1,2,2,0,3,-1,4408.0,24660.0,32408.0,25322.0,4064.0,19082.0,6463.0,2848.0,342.0,307.0,1181.0,6095.0,1
404,360000,2,2,2,24,-1,1,1,0,-1,1,36801.0,4038.0,1638.0,29899.0,19619.0,39839.0,2048.0,2038.0,4225.0,7181.0,3144.0,404.0,1
405,90000,1,1,2,29,0,-1,0,-1,-1,0,45189.0,17376.0,42173.0,18596.0,15866.0,17729.0,6630.0,1343.0,7927.0,7604.0,7516.0,1609.0,0
406,90000,2,4,3,68,0,-1,0,-1,-1,0,43557.0,53837.0,8302.0,33527.0,34755.0,29584.0,4575.0,2570.0,4420.0,2224.0,1753.0,2391.0,0
407,90000,2,1,1,35,0,2,-1,-1,0,1,31710.0,27100.0,46928.0,29531.0,31987.0,50724.0,6811.0,5972.0,7395.0,3202.0,4603.0,2874.0,1
408,20000,2,3,3,36,-1,2,0,0,-1,-1,20126.0,54624.0,47869.0,11160.0,52647.0,22775.0,498.0,4122.0,5138.0,207.0,3712.0,7903.0,0
409,360000,2,1,1,59,1,0,-1,0,2,0,9830.0,31957.0,49464.0,17310.0,55141.0,1266.0,6379.0,1771.0,252.0,6409.0,6083.0,3695.0,0
410,10000,2,1,1,30,1,0,2,0,0,-1,735.0,32883.0,27892.0,8829.0,46379.0,53098.0,2164.0,4336.0,3419.0,6205.0,6018.0,5297.0,1
411,20000,1,4,3,46,-1,0,-1,1,0,-1,21573.0,25792.0,16069.0,50616.0,11934.0,16470.0,2870.0,6472.0,6160.0,165.0,6666.0,5155.0,0
412,20000,2,1,3,35,-1,0,-1,1,1,0,37933.0,33393.0,52883.0,40641.0,2443.0,46369.0,358.0,109.0,4075.0,5619.0,955.0,3351.0,0
413,20000,1,3,2,30,2,-1,0,3,-1,-1,2259.0,4001.0,33526.0,23251.0,53949.0,45766.0,7632.0,164.0,1558.0,3295.0,3630.0,7730.0,1
414,10000,1,3,1,68,0,-1,0,1,1,2,59921.0,3453.0,38125.0,23746.0,56567.0,31577.0,5131.0,7675.0,1447.0,4363.0,5534.0,1778.0,0
415,10000,2,1,1,30,-1,-1,0,1,-1,-1,35157.0,28546.0,8191.0,4745.0,15023.0,5269.0,7847.0,5986.0,5308.0,1746.0,3351.0,276.0,0
416,120000,2,1,2,25,-1,1,0,1,0,1,17672.0,35877.0,37411.0,17394.0,2798.0,57003.0,4545.0,4604.0,3704.0,6522.0,5338.0,5961.0,0
417,360000,1,4,2,54,0,-1,-1,0,2,0,57726.0,33052.0,34805.0,55465.0,40835.0,40852.0,1265.0,7248.0,4593.0,3235.0,5086.0,5230.0,0
418,10000,1,3,3,63,0,-1,0,1,1,0,11036.0,25749.0,17534.0,1883.0,35325.0,25461.0,2699.0,4713.0,2984.0,6720.0,2965.0,2082.0,0
419,50000,1,1,1,27,0,0,-1,2,1,2,57455.0,17641.0,46011.0,8767.0,53330.0,51233.0,3519.0,4165.0,2712.0,1186.0,801.0,6943.0,0
420,90000,1,4,1,55,2,-1,-1,0,-1,0,16906.0,42542.0,8020.0,50763.0,34521.0,47284.0,1178.0,1691.0,5329.0,4703.0,7762.0,1298.0,1
421,360000,1,2,3,47,0,-1,-1,0,1,-1,22783.0,36282.0,43162.0,31219.0,45620.0,45618.0,7452.0,6485.0,62.0,2481.0,6607.0,2007.0,0
422,120000,1,1,1,61,-1,0,-1,0,0,-1,25524.0,2827.0,57670.0,1939.0,47183.0,10076.0,7663.0,6119.0,3478.0,7727.0,7157.0,1236.0,0
423,180000,2,4,1,27,0,-1,-1,1,0,-1,59690.0,27142.0,34035.0,29386.0,587.0,37970.0,4507.0,2364.0,2965.0,4455.0,2398.0,1489.0,0
424,120000,2,1,2,68,-1,0,0,0,-1,1,15054.0,42653.0,6287.0,44998.0,8906.0,17147.0,4675.0,5898.0,6234.0,5757.0,2529.0,5834.0,0
425,50000,2,3,2,51,-1,2,-1,1,-1,0,58372.0,47050.0,33198.0,20704.0,46800.0,4709.0,5627.0,5816.0,5827.0,689.0,2587.0,5627.0,1
426,20000,1,4,2,62,-1,-1,-1,1,0,-1,20817.0,17213.0,31740.0,22919.0,10762.0,20285.0,5432.0,761.0,3407.0,5415.0,248.0,5142.0,0
427,360000,1,3,3,38,-1,2,0,3,-1,-1,17111.0,55498.0,33131.0,37879.0,12367.0,6241.0,501.0,1283.0,2101.0,808.0,1357.0,6886.0,1
428,180000,1,3,3,67,0,2,-1,-1,0,0,38292.0,39102.0,16354.0,35921.0,45126.0,6349.0,4250.0,4759.0,1886.0,2891.0,2466.0,558.0,1
429,10000,2,2,1,51,-1,1,0,0,1,0,41624.0,26260.0,37565.0,54174.0,12270.0,43622.0,6216.0,4988.0,1690.0,1779.0,7898.0,4963.0,1
430,180000,1,1,3,27,0,0,2,1,2,-1,20701.0,37627.0,15848.0,14860.0,8970.0,30108.0,6452.0,5265.0,2189.0,18.0,1637.0,920.0,1
431,10000,1,3,2,66,0,0,0,2,-1,1,8044.0,52291.0,33471.0,16564.0,809.0,23872.0,4768.0,2985.0,6084.0,4690.0,4062.0,7645.0,0
432,180000,1,4,1,59,0,0,2,2,2,0,23763.0,13610.0,35675.0,9323.0,28166.0,11535.0,7171.0,6684.0,362.0,1927.0,4378.0,5070.0,1
433,180000,2,1,3,35,1,0,-1,0,-1,1,32425.0,9022.0,38752.0,39895.0,38208.0,46257.0,4689.0,3565.0,209.0,4100.0,2878.0,6079.0,1
434,10000,1,4,1,47,1,-1,-1,0,0,-1,2401.0,26427.0,47876.0,32003.0,43898.0,38051.0,3061.0,1648.0,4319.0,6111.0,7349.0,4568.0,0
435,90000,1,2,2,40,0,2,0,-1,1,0,4719.0,5035.0,52952.0,20817.0,54334.0,35135.0,3541.0,920.0,1787.0,1425.0,745.0,3069.0,1
436,10000,2,3,3,47,-1,0,1,3,-1,-1,55076.0,50137.0,46630.0,41737.0,39074.0,11405.0,5520.0,7021.0,6647.0,5678.0,6962.0,5487.0,0
437,90000,2,1,1,68,0,1,1,-1,-1,-1,2151.0,58226.0,47752.0,22601.0,45386.0,7412.0,7091.0,5657.0,6017.0,2376.0,5949.0,6686.0,1
438,360000,1,3,1,65,0,-1,-1,0,-1,0,24413.0,36335.0,52128.0,11729.0,12636.0,7410.0,1839.0,3691.0,6152.0,2648.0,2446.0,1424.0,0
439,10000,1,1,2,31,-1,-1,1,1,0,0,45833.0,58790.0,14548.0,32390.0,20426.0,1502.0,2347.0,1674.0,3656.0,4615.0,6141.0,6974.0,0
440,50000,2,2,3,68,-1,0,-1,0,1,-1,19688.0,4124.0,17574.0,26181.0,18237.0,58145.0,5214.0,772.0,3502.0,5004.0,3428.0,5812.0,0
441,360000,2,3,1,42,-1,0,-1,-1,-1,1,29686.0,37952.0,31983.0,24323.0,3902.0,22064.0,6108.0,1222.0,3404.0,5243.0,7765.0,686.0,0
442,50000,2,1,2,55,0,0,-1,-1,-1,-1,5189.0,26574.0,27945.0,26679.0,58138.0,39494.0,3193.0,844.0,1568.0,1562.0,292.0,7488.0,1
443,10000,1,2,2,58,0,-1,3,1,0,0,47666.0,16641.0,42127.0,54852.0,14475.0,58934.0,5145.0,4235.0,4538.0,4636.0,237.0,1441.0,1
444,90000,1,3,1,44,-1,-1,-1,0,-1,3,38050.0,18706.0,560.0,12958.0,26920.0,56187.0,54.0,1582.0,6907.0,2109.0,4353.0,4808.0,0
445,90000,2,1,3,43,1,0,1,-1,0,0,51099.0,32710.0,8338.0,16548.0,21416.0,19234.0,2333.0,1022.0,2053.0,2215.0,7451.0,1036.0,1
446,120000,1,2,3,43,2,-1,0,0,2,1,51829.0,38498.0,44811.0,33902.0,2667.0,29393.0,7644.0,2262.0,454.0,7579.0,506.0,1569.0,1
447,50000,1,2,2,63,-1,3,0,-1,1,0,21048.0,9840.0,49317.0,2802.0,54200.0,27782.0,4611.0,5595.0,4517.0,807.0,6223.0,5143.0,0
448,360000,2,3,1,39,2,-1,0,1,1,1,2469.0,36873.0,18140.0,8756.0,13175.0,2004.0,6947.0,3971.0,3193.0,3305.0,7508.0,5436.0,1
449,90000,2,4,1,34,-1,-1,1,-1,0,0,20780.0,55592.0,18656.0,33980.0,6025.0,46097.0,1741.0,1229.0,6379.0,3514.0,3890.0,5495.0,1
450,50000,1,4,2,38,2,-1,-1,-1,1,0,8716.0,623.0,33689.0,30584.0,20546.0,34462.0,2326.0,5990.0,6852.0,1959.0,6935.0,2744.0,1
451,360000,2,1,2,30,2,0,-1,-1,-1,-1,31997.0,52701.0,28627.0,39169.0,8626.0,22287.0,7799.0,3916.0,7605.0,6282.0,6055.0,6561.0,1
452,360000,1,1,2,40,-1,0,0,0,-1,0,8783.0,36461.0,10158.0,6805.0,59969.0,33499.0,7982.0,1493.0,3145.0,3896.0,1713.0,394.0,1
453,90000,2,1,1,26,1,0,-1,0,0,-1,55314.0,20533.0,30027.0,51232.0,11339.0,44127.0,7014.0,5529.0,7213.0,5755.0,6833.0,6834.0,0
454,10000,2,3,2,25,3,2,-1,1,-1,3,36136.0,44090.0,49163.0,29132.0,18161.0,898.0,2537.0,7941.0,943.0,3096.0,5594.0,2418.0,1
455,120000,1,1,1,56,2,-1,-1,0,1,-1,15182.0,37067.0,43772.0,9301.0,16271.0,38762.0,6411.0,4321.0,2981.0,7174.0,100.0,4965.0,0
456,90000,2,1,3,24,3,0,-1,-1,0,-1,55273.0,46123.0,49036.0,18695.0,1583.0,51674.0,3670.0,1292.0,2127.0,5836.0,4544.0,7244.0,1
457,20000,1,4,3,48,0,-1,-1,-1,2,1,46181.0,4877.0,38629.0,13647.0,773.0,43584.0,6751.0,2476.0,7384.0,2665.0,5235.0,2043.0,0
458,120000,2,4,2,59,-1,-1,-1,-1,-1,-1,26266.0,3538.0,52647.0,27134.0,30775.0,37198.0,6810.0,4795.0,4800.0,7696.0,6410.0,3289.0,0
459,180000,1,4,1,56,1,0,2,2,0,-1,8790.0,38520.0,14989.0,28162.0,13963.0,5432.0,3478.0,7995.0,2926.0,6920.0,6170.0,6626.0,1
460,10000,1,2,3,42,0,-1,-1,-1,0,0,20628.0,18219.0,2756.0,26024.0,5016.0,44681.0,2436.0,7431.0,1216.0,4733.0,3805.0,6917.0,0
461,180000,2,3,1,30,0,0,3,3,-1,-1,35040.0,14296.0,6842.0,27660.0,17482.0,45040.0,7798.0,7465.0,6263.0,131.0,2391.0,1881.0,1
462,10000,2,3,3,66,0,0,3,-1,0,-1,45950.0,25276.0,59547.0,54475.0,16444.0,29635.0,3604.0,6660.0,5239.0,4729.0,1534.0,4069.0,1
463,180000,1,1,1,61,0,0,-1,-1,0,0,15715.0,43512.0,38431.0,57548.0,25444.0,34959.0,3453.0,4598.0,6823.0,5526.0,712.0,2666.0,0
464,50000,2,3,2,50,-1,0,0,-1,3,-1,44554.0,10786.0,14866.0,29396.0,59542.0,37104.0,5324.0,5183.0,3505.0,2918.0,5118.0,4135.0,1
465,10000,2,3,1,25,0,0,0,-1,0,-1,16970.0,58391.0,51245.0,57781.0,18413.0,7267.0,7493.0,5871.0,1199.0,1151.0,7678.0,3033.0,1
466,360000,1,2,1,22,-1,-1,0,1,-1,-1,14805.0,25244.0,18566.0,49109.0,42278.0,15448.0,1043.0,5723.0,2675.0,4517.0,642.0,41.0,0
467,20000,2,4,3,36,0,-1,-1,0,0,-1,26821.0,9034.0,35836.0,49197.0,46109.0,47538.0,7875.0,5109.0,4960.0,6412.0,5621.0,7396.0,0
468,120000,2,3,3,28,1,-1,-1,-1,0,-1,9649.0,4267.0,14960.0,13539.0,3039.0,58425.0,3378.0,1073.0,1927.0,2554.0,4676.0,5096.0,0
469,20000,1,3,1,63,0,0,-1,0,-1,-1,24279.0,51435.0,5693.0,26305.0,30079.0,16205.0,204.0,7038.0,565.0,3650.0,1375.0,3693.0,0
470,360000,1,3,3,31,0,3,0,0,0,0,21468.0,6793.0,16051.0,21124.0,26921.0,24043.0,2475.0,77.0,6586.0,8.0,1701.0,862.0,1
471,180000,2,4,1,34,-1,-1,3,2,-1,0,16802.0,25137.0,13690.0,5787.0,30461.0,54917.0,3699.0,3407.0,4244.0,5630.0,2275.0,570.0,1
472,180000,1,3,1,68,3,0,0,3,-1,-1,46536.0,40121.0,33159.0,4505.0,10298.0,9739.0,5414.0,3473.0,3173.0,6928.0,5479.0,3829.0,1
473,90000,2,2,1,61,0,1,0,0,0,-1,19903.0,30785.0,1241.0,37346.0,27904.0,15670.0,4530.0,7968.0,4422.0,6210.0,2389.0,5192.0,1
474,90000,2,4,2,31,-1,1,3,1,-1,1,41703.0,15754.0,14388.0,25244.0,7376.0,3354.0,1087.0,716.0,5907.0,3435.0,6624.0,2082.0,1
475,120000,1,3,1,39,-1,0,0,1,0,0,43217.0,6475.0,34066.0,49543.0,56749.0,14086.0,3905.0,3806.0,10.0,360.0,2958.0,5955.0,0
476,180000,1,4,2,46,-1,0,-1,0,-1,0,39951.0,42684.0,23626.0,40121.0,35223.0,38170.0,1861.0,2862.0,3522.0,3936.0,876.0,3139.0,0
477,180000,2,1,1,53,0,0,1,0,0,0,16159.0,29417.0,38156.0,5110.0,2070.0,20893.0,2156.0,781.0,2033.0,7523.0,763.0,88.0,1
478,10000,1,2,1,66,2,1,-1,-1,-1,-1,49765.0,2886.0,39336.0,50290.0,30339.0,59002.0,5691.0,1789.0,734.0,668.0,3202.0,4296.0,1
479,120000,1,4,2,63,0,-1,-1,1,1,1,14193.0,10871.0,57922.0,29765.0,55580.0,53493.0,6426.0,3376.0,287.0,1711.0,3263.0,1448.0,0
480,10000,2,3,3,68,-1,2,0,3,-1,2,16627.0,33762.0,50161.0,33954.0,44571.0,53747.0,1249.0,7330.0,3524.0,6696.0,5868.0,115.0,1
481,50000,2,4,3,22,1,-1,2,-1,0,2,52499.0,10103.0,13693.0,57941.0,16376.0,43582.0,4818.0,3105.0,4351.0,4545.0,3828.0,1040.0,1
482,180000,2,1,2,32,-1,1,-1,1,-1,-1,20381.0,23486.0,41564.0,38404.0,53538.0,42126.0,3376.0,7040.0,4061.0,1362.0,1309.0,2276.0,1
483,20000,2,1,1,48,1,-1,0,2,-1,-1,41821.0,7471.0,37634.0,1337.0,11131.0,30580.0,2693.0,5870.0,6263.0,194.0,1706.0,4118.0,1
484,180000,2,4,3,23,-1,-1,-1,-1,0,-1,2540.0,47818.0,35659.0,10636.0,14800.0,59435.0,5703.0,6551.0,3662.0,3284.0,4532.0,7916.0,0
485,90000,1,2,3,38,0,-1,-1,0,1,-1,36859.0,37824.0,47938.0,25580.0,9299.0,5721.0,1990.0,6829.0,4719.0,4759.0,2673.0,1746.0,0
486,20000,2,3,3,28,2,0,-1,2,2,-1,52124.0,47037.0,8863.0,2232.0,55379.0,43369.0,6123.0,5711.0,6529.0,6722.0,5374.0,459.0,1
487,50000,2,2,3,66,-1,-1,0,3,-1,0,42522.0,3147.0,22510.0,10048.0,43014.0,8415.0,3205.0,5867.0,5258.0,7070.0,7384.0,1530.0,0
488,90000,2,2,3,24,0,-1,1,-1,-1,-1,34945.0,22533.0,48966.0,47501.0,31079.0,20355.0,759.0,1232.0,7286.0,3662.0,2838.0,2555.0,1
489,180000,2,4,3,28,3,0,-1,-1,0,2,50941.0,16056.0,53529.0,8567.0,40074.0,15337.0,6337.0,5736.0,1772.0,3379.0,4415.0,1641.0,1
490,120000,1,1,2,30,-1,0,-1,0,0,-1,17887.0,37362.0,2236.0,10022.0,15530.0,36073.0,6815.0,386.0,6294.0,7449.0,6655.0,2571.0,0
491,360000,2,4,2,28,-1,1,-1,-1,-1,-1,22606.0,49289.0,28288.0,30280.0,4239.0,47232.0,4504.0,5899.0,5573.0,6215.0,1682.0,7752.0,0
492,360000,1,4,1,48,0,1,-1,-1,1,1,4164.0,13652.0,15851.0,5470.0,50747.0,4785.0,5791.0,5231.0,4662.0,1674.0,4085.0,3035.0,1
493,180000,2,3,1,38,-1,0,0,-1,0,0,41902.0,46184.0,10077.0,15341.0,57852.0,36099.0,1180.0,6055.0,29.0,5450.0,2441.0,5077.0,0
494,120000,1,2,3,65,-1,-1,0,-1,0,-1,43404.0,34824.0,3423.0,56253.0,2131.0,13300.0,2714.0,5138.0,4331.0,5721.0,5015.0,5478.0,0
495,50000,1,1,3,33,0,-1,0,0,-1,0,45082.0,49443.0,32282.0,37888.0,3101.0,4619.0,2799.0,2949.0,6867.0,1871.0,5944.0,1041.0,0
496,50000,1,3,3,47,1,2,-1,0,0,-1,44924.0,4875.0,40045.0,57811.0,33570.0,25052.0,6110.0,2955.0,5156.0,7823.0,1126.0,1981.0,1
497,10000,2,2,1,53,-1,-1,0,0,-1,-1,7643.0,59455.0,31875.0,21255.0,2581.0,34875.0,2816.0,4769.0,40.0,2374.0,1499.0,3325.0,0
498,50000,2,1,2,51,-1,0,-1,1,1,0,39970.0,26076.0,22102.0,36975.0,43297.0,12109.0,5826.0,3781.0,2302.0,4396.0,185.0,3682.0,0
499,360000,1,2,1,60,1,2,-1,0,-1,-1,45799.0,16804.0,46278.0,14313.0,56721.0,23388.0,2454.0,2724.0,4554.0,3949.0,96.0,105.0,1
500,50000,1,4,3,30,0,2,2,-1,1,0,12226.0,10963.0,39122.0,22718.0,16798.0,57210.0,4807.0,3913.0,6494.0,5537.0,405.0,5158.0,1
501,10000,1,2,1,45,1,0,1,-1,1,-1,28588.0,59094.0,54505.0,10479.0,17660.0,20805.0,1678.0,4292.0,3559.0,7213.0,5654.0,2405.0,1
502,120000,1,1,1,60,0,0,2,-1,0,0,54792.0,53002.0,20821.0,49994.0,51809.0,59735.0,4467.0,1919.0,6854.0,3145.0,7231.0,2578.0,1
503,360000,2,3,2,63,2,0,2,-1,-1,1,24888.0,7871.0,14338.0,11042.0,21371.0,50053.0,646.0,5105.0,6366.0,3076.0,3277.0,4824.0,1
504,360000,1,1,3,51,0,1,0,-1,-1,-1,45189.0,26694.0,27344.0,12283.0,14417.0,22256.0,5877.0,2513.0,2137.0,6010.0,7061.0,7590.0,0
505,20000,1,4,3,52,-1,-1,2,-1,0,-1,31820.0,44012.0,30412.0,27828.0,5056.0,34608.0,232.0,2141.0,1559.0,7618.0,5837.0,6919.0,1
506,90000,1,4,1,63,1,-1,0,-1,0,0,39465.0,35446.0,27477.0,25763.0,50392.0,42553.0,7994.0,3347.0,7222.0,7270.0,6460.0,7837.0,1
507,90000,1,4,1,51,0,0,-1,0,2,1,37590.0,11342.0,49944.0,18830.0,55554.0,27878.0,6711.0,826.0,4713.0,6022.0,5919.0,3308.0,0
508,20000,2,4,1,67,-1,-1,-1,0,-1,0,39056.0,21622.0,2734.0,21421.0,4712.0,24466.0,4628.0,4825.0,6789.0,5624.0,1596.0,957.0,0
509,20000,2,1,1,27,-1,0,-1,2,1,0,46762.0,22088.0,31666.0,17701.0,48176.0,19784.0,7276.0,5867.0,7377.0,6149.0,4186.0,1727.0,0
510,20000,1,1,2,38,0,-1,-1,1,-1,0,54261.0,17324.0,25813.0,54761.0,9595.0,8370.0,6469.0,7646.0,3395.0,7487.0,4203.0,2750.0,0
511,360000,2,2,1,26,-1,1,-1,0,-1,-1,17739.0,57642.0,12651.0,34822.0,8331.0,1495.0,1142.0,2268.0,365.0,85.0,5132.0,2401.0,1
512,180000,1,2,1,25,-1,1,0,-1,-1,0,55698.0,12175.0,38463.0,55186.0,22859.0,20215.0,5954.0,4307.0,7272.0,4709.0,6368.0,1663.0,1
513,180000,1,4,2,44,-1,0,1,0,0,-1,37671.0,42396.0,48079.0,59208.0,26201.0,47744.0,3018.0,4028.0,4668.0,272.0,901.0,1207.0,1
514,180000,1,3,1,32,0,1,0,-1,-1,0,35738.0,54712.0,32763.0,39053.0,51243.0,14002.0,6846.0,5849.0,963.0,4617.0,5397.0,1494.0,1
515,360000,1,3,1,40,0,-1,-1,0,-1,-1,19663.0,47688.0,5097.0,49539.0,41984.0,10784.0,6910.0,4998.0,4238.0,3157.0,6664.0,5266.0,0
516,10000,1,4,1,42,0,0,0,-1,1,-1,25000.0,47967.0,4517.0,6644.0,8675.0,19684.0,7636.0,6456.0,223.0,2437.0,924.0,3927.0,0
517,360000,2,3,1,51,-1,-1,-1,0,0,0,39097.0,9528.0,25297.0,56964.0,35044.0,35933.0,3607.0,6805.0,2318.0,7127.0,3319.0,300.0,0
518,10000,2,2,2,67,-1,1,-1,-1,-1,0,21824.0,7995.0,40083.0,28931.0,52526.0,12901.0,1544.0,908.0,2782.0,5677.0,7164.0,4510.0,0
519,90000,2,2,3,62,0,1,-1,0,-1,0,17237.0,46975.0,18810.0,42806.0,39726.0,13223.0,1000.0,2840.0,3634.0,4539.0,194.0,6738.0,0
520,120000,1,3,3,39,-1,2,-1,1,0,0,49144.0,44803.0,18531.0,14719.0,13783.0,6740.0,1323.0,5224.0,4523.0,7055.0,1285.0,3405.0,1
521,50000,1,1,1,36,0,1,-1,1,-1,2,24925.0,44513.0,51606.0,5730.0,7730.0,19932.0,7934.0,4350.0,6715.0,783.0,6431.0,2548.0,1
522,20000,1,3,1,58,-1,2,1,0,-1,1,38676.0,25111.0,866.0,53094.0,27150.0,13045.0,4690.0,3856.0,2811.0,5170.0,1374.0,2180.0,1
523,20000,1,3,2,27,-1,-1,1,0,0,1,1871.0,31406.0,4784.0,26966.0,28331.0,49872.0,2814.0,1385.0,5882.0,1249.0,5615.0,3035.0,0
524,180000,1,3,2,47,-1,2,0,-1,-1,0,4635.0,923.0,9335.0,8304.0,21164.0,54345.0,3594.0,4579.0,7536.0,1864.0,7208.0,2228.0,1
525,50000,2,3,3,41,0,0,-1,0,0,0,50890.0,17461.0,59015.0,39508.0,6555.0,22230.0,1383.0,5924.0,5988.0,1481.0,3988.0,7393.0,0
526,50000,2,4,3,29,-1,0,1,0,-1,0,8531.0,31702.0,29853.0,3258.0,7087.0,5113.0,4565.0,307.0,2037.0,4352.0,3876.0,7937.0,0
527,360000,2,4,2,51,1,0,0,-1,-1,0,47748.0,7543.0,9497.0,27028.0,31739.0,5247.0,3405.0,4732.0,5421.0,5032.0,3429.0,2746.0,1
528,20000,2,3,1,36,-1,-1,-1,-1,-1,-1,54011.0,7802.0,18624.0,42265.0,56658.0,19485.0,6384.0,7249.0,2249.0,6047.0,2983.0,7389.0,0
529,360000,2,2,1,30,0,-1,0,2,-1,0,28883.0,2712.0,58165.0,43225.0,35876.0,27808.0,169.0,4589.0,3823.0,3524.0,3040.0,6828.0,1
530,360000,2,1,1,53,0,-1,0,0,-1,-1,53069.0,12596.0,41662.0,27197.0,26290.0,31706.0,7453.0,7622.0,5078.0,7514.0,4429.0,607.0,0
531,120000,1,4,1,29,-1,-1,0,0,-1,-1,25633.0,59572.0,13421.0,22197.0,55877.0,18248.0,485.0,2820.0,2345.0,2988.0,7164.0,3926.0,0
532,20000,2,4,3,53,0,0,-1,0,2,1,57109.0,41762.0,14439.0,50301.0,41419.0,21270.0,3339.0,27.0,30.0,1252.0,7851.0,5252.0,0
533,20000,2,3,1,28,-1,1,0,0,1,-1,14226.0,56895.0,4497.0,11084.0,43074.0,17021.0,2725.0,5456.0,6697.0,292.0,6926.0,3377.0,1
534,20000,2,4,3,42,0,0,-1,0,-1,0,25671.0,15428.0,46367.0,4477.0,34516.0,31056.0,5743.0,1702.0,5820.0,1019.0,957.0,3655.0,0
535,120000,2,4,2,60,-1,0,-1,-1,0,0,23334.0,35930.0,8244.0,9410.0,45773.0,41814.0,5265.0,77.0,985.0,3560.0,2454.0,3953.0,0
536,20000,1,4,2,32,1,0,-1,0,0,-1,47043.0,53513.0,17188.0,48064.0,30102.0,2605.0,1574.0,1441.0,3019.0,3303.0,6055.0,5510.0,1
537,90000,2,3,2,58,2,0,2,0,1,1,2623.0,21121.0,20902.0,28194.0,37323.0,28722.0,3925.0,7472.0,2093.0,6833.0,4364.0,2350.0,1
538,10000,1,1,3,56,-1,-1,-1,-1,-1,-1,49693.0,39430.0,37251.0,2240.0,36994.0,38914.0,4276.0,6250.0,7821.0,1004.0,2674.0,4775.0,0
539,90000,2,1,1,65,0,1,-1,1,-1,1,1405.0,41570.0,36379.0,10126.0,45159.0,40353.0,3711.0,2200.0,7534.0,2098.0,2489.0,1947.0,1
540,10000,2,1,1,29,1,-1,-1,-1,-1,1,18941.0,49937.0,47952.0,1684.0,53900.0,33808.0,174.0,4784.0,5531.0,7843.0,936.0,7114.0,1
541,120000,2,2,2,56,-1,0,1,0,-1,-1,35764.0,58168.0,17836.0,48865.0,17655.0,31508.0,1424.0,2714.0,3526.0,228.0,2659.0,677.0,1
542,10000,1,3,2,66,1,1,0,0,-1,-1,8720.0,36911.0,23133.0,27678.0,41958.0,40857.0,4030.0,1418.0,417.0,3394.0,3375.0,535.0,1
543,20000,2,2,2,58,0,0,2,0,1,-1,29407.0,34952.0,23317.0,4083.0,1899.0,22702.0,2083.0,7907.0,1975.0,1585.0,3327.0,301.0,1
544,20000,2,1,3,30,2,1,-1,0,2,-1,59821.0,52130.0,2808.0,13277.0,31948.0,34035.0,4362.0,6511.0,741.0,4268.0,4390.0,2796.0,1
545,180000,1,1,2,61,3,-1,-1,2,-1,-1,49392.0,41071.0,44254.0,36987.0,53922.0,19167.0,1309.0,2907.0,6315.0,7789.0,2183.0,4849.0,1
546,10000,1,4,1,26,-1,1,0,0,0,3,1813.0,21701.0,32126.0,35623.0,38711.0,26274.0,5883.0,2827.0,705.0,1816.0,1647.0,7883.0,0
547,90000,2,4,1,49,0,0,-1,0,-1,-1,35505.0,37808.0,28540.0,49157.0,16061.0,7445.0,1507.0,6524.0,5420.0,2962.0,7100.0,3637.0,0
548,120000,2,2,3,45,0,1,1,0,0,1,35840.0,32948.0,59724.0,1549.0,36383.0,21008.0,5195.0,3686.0,7620.0,3593.0,3242.0,1458.0,1
549,90000,2,4,1,47,-1,0,1,-1,0,-1,4093.0,13725.0,10730.0,4163.0,21464.0,8524.0,6692.0,3015.0,2463.0,6387.0,2038.0,2945.0,0
550,120000,2,3,2,46,-1,1,0,-1,-1,3,39012.0,30953.0,58139.0,2123.0,25987.0,13586.0,2867.0,3098.0,5472.0,7877.0,5085.0,1018.0,0
551,180000,1,4,2,22,3,3,3,0,1,-1,31260.0,37413.0,40822.0,23643.0,13685.0,25167.0,1115.0,3574.0,7032.0,772.0,4338.0,3775.0,1
552,50000,2,4,3,45,-1,0,0,-1,3,0,40907.0,54227.0,13261.0,43628.0,37485.0,30004.0,45.0,4171.0,3420.0,3909.0,4611.0,5831.0,0
553,180000,1,3,3,66,0,1,-1,-1,0,0,17850.0,34828.0,40711.0,39780.0,11900.0,56519.0,2884.0,320.0,3590.0,6020.0,1772.0,284.0,1
554,50000,2,2,2,42,1,0,0,-1,0,-1,15337.0,9894.0,45341.0,12609.0,26614.0,1563.0,923.0,3841.0,1603.0,70.0,5785.0,6219.0,1
555,360000,1,3,1,34,-1,0,-1,0,0,1,44157.0,59258.0,21748.0,39434.0,56354.0,53913.0,7054.0,3519.0,3420.0,6448.0,1538.0,1828.0,0
556,90000,2,2,2,69,0,2,1,-1,-1,-1,43294.0,34683.0,20697.0,39385.0,45456.0,19694.0,7784.0,2196.0,6989.0,1940.0,6691.0,5378.0,1
557,180000,1,2,2,25,3,-1,-1,1,-1,0,9703.0,17226.0,50111.0,11483.0,24861.0,43449.0,7845.0,2843.0,5306.0,4147.0,3392.0,6523.0,0
558,360000,2,3,1,44,0,0,-1,0,0,0,12983.0,45265.0,9616.0,44995.0,58134.0,40672.0,7378.0,3396.0,1612.0,7827.0,3273.0,6209.0,0
559,180000,1,3,2,46,-1,-1,0,0,-1,0,35181.0,23082.0,800.0,25337.0,836.0,58250.0,4693.0,2928.0,4212.0,5081.0,3107.0,5359.0,0
560,180000,1,3,1,44,-1,-1,-1,-1,1,-1,49742.0,22202.0,39954.0,3559.0,57591.0,6523.0,2600.0,7266.0,5653.0,7912.0,3383.0,5549.0,0
561,90000,2,2,2,66,2,1,-1,0,0,-1,12107.0,50366.0,54392.0,23434.0,21127.0,58031.0,3572.0,4228.0,618.0,4827.0,5322.0,1500.0,1
562,10000,1,2,3,41,-1,-1,0,-1,0,-1,13147.0,52054.0,30052.0,46185.0,49244.0,3773.0,2070.0,4023.0,6106.0,1683.0,3973.0,1086.0,0
563,90000,2,1,3,68,0,-1,-1,0,-1,-1,48466.0,31435.0,8098.0,41772.0,56851.0,52638.0,6721.0,2103.0,1609.0,5540.0,1014.0,3050.0,1
564,20000,2,3,1,24,-1,-1,0,-1,3,-1,41802.0,22380.0,32353.0,16105.0,36105.0,39130.0,3491.0,7331.0,2357.0,4922.0,4530.0,4865.0,0
565,360000,2,3,3,56,0,0,-1,2,-1,2,54137.0,51796.0,15113.0,45414.0,36629.0,28914.0,3080.0,185.0,3330.0,2485.0,2136.0,4945.0,0
566,20000,1,4,1,50,2,1,-1,-1,-1,0,47004.0,10398.0,49643.0,23372.0,44959.0,23866.0,5519.0,4401.0,4039.0,615.0,866.0,6215.0,1
567,20000,1,3,2,32,0,1,-1,0,-1,0,57196.0,44831.0,36726.0,27614.0,14384.0,5615.0,2990.0,1350.0,7328.0,5185.0,6719.0,2467.0,1
568,20000,1,2,1,32,3,-1,1,-1,0,-1,11336.0,35042.0,20192.0,5198.0,10682.0,48109.0,2854.0,6150.0,1783.0,4619.0,2501.0,6924.0,1
569,120000,2,1,1,56,-1,0,2,0,3,-1,16316.0,51243.0,37473.0,59823.0,20620.0,43677.0,1818.0,3026.0,2046.0,6189.0,4760.0,3593.0,1
570,90000,2,1,1,52,0,0,-1,0,-1,0,14279.0,25234.0,40025.0,50317.0,28741.0,56238.0,538.0,2348.0,3031.0,1007.0,1375.0,1969.0,1
571,360000,2,2,1,50,1,0,2,-1,2,-1,3326.0,49921.0,40724.0,11695.0,44572.0,43825.0,303.0,463.0,6858.0,4309.0,2714.0,5883.0,1
572,50000,2,2,3,23,0,0,0,-1,-1,-1,46746.0,911.0,21971.0,33643.0,15438.0,57422.0,3222.0,6323.0,7721.0,6549.0,3086.0,1019.0,1
573,20000,1,2,1,50,-1,-1,0,-1,0,0,39705.0,45496.0,34237.0,46821.0,33887.0,53208.0,7962.0,3171.0,3635.0,7129.0,1071.0,3242.0,0
574,10000,1,2,2,69,1,0,0,-1,-1,0,5159.0,4190.0,2563.0,30279.0,209.0,25535.0,2084.0,2114.0,5545.0,7516.0,7786.0,6248.0,1
575,10000,1,4,3,21,-1,0,0,3,0,3,11887.0,38544.0,24212.0,12647.0,1855.0,42223.0,5128.0,6754.0,7338.0,1695.0,2492.0,6168.0,0
576,50000,1,1,3,43,0,0,1,0,0,-1,11445.0,11716.0,22680.0,58113.0,58004.0,15859.0,2599.0,156.0,6772.0,1383.0,4661.0,2052.0,1
577,360000,1,2,3,45,3,0,0,-1,0,0,24175.0,57808.0,32080.0,16128.0,51017.0,47713.0,2421.0,3750.0,5450.0,4608.0,4524.0,1332.0,1
578,90000,1,1,1,64,-1,1,0,2,-1,-1,27331.0,46159.0,57002.0,20070.0,51830.0,36516.0,1303.0,1285.0,4324.0,3701.0,3435.0,255.0,0
579,360000,1,2,3,34,-1,0,-1,-1,1,-1,17339.0,6277.0,57212.0,22297.0,19723.0,26419.0,4507.0,1015.0,7874.0,1874.0,4684.0,715.0,0
580,10000,1,3,2,44,-1,-1,-1,0,3,0,55810.0,53522.0,28995.0,53446.0,30821.0,37691.0,5270.0,173.0,1912.0,816.0,4527.0,6601.0,0
581,10000,2,1,1,56,-1,1,0,0,0,-1,12766.0,15116.0,38768.0,30000.0,40482.0,16631.0,2801.0,1496.0,2902.0,1149.0,640.0,6268.0,0
582,180000,2,2,2,23,-1,1,-1,2,0,0,33712.0,32738.0,6493.0,43181.0,15249.0,37340.0,4213.0,7576.0,5703.0,2713.0,5352.0,4047.0,0
583,10000,2,1,3,60,0,-1,-1,0,1,0,26278.0,5116.0,28935.0,54072.0,44666.0,28488.0,3809.0,3564.0,167.0,5915.0,913.0,4560.0,0
584,10000,1,4,2,61,-1,0,-1,0,-1,-1,23260.0,6333.0,41269.0,55711.0,41578.0,19306.0,2166.0,7999.0,4004.0,520.0,3479.0,2613.0,0
585,50000,1,3,1,56,0,-1,-1,3,1,2,49547.0,14478.0,40967.0,51385.0,24436.0,58531.0,5533.0,2138.0,6835.0,841.0,2917.0,1536.0,0
586,360000,1,1,3,52,-1,0,0,-1,-1,0,58702.0,32065.0,57802.0,54468.0,26088.0,3825.0,4430.0,6097.0,1414.0,2116.0,3581.0,91.0,0
587,120000,1,1,3,57,-1,-1,0,3,1,1,352.0,32573.0,27974.0,56893.0,18441.0,45461.0,526.0,716.0,6424.0,6989.0,575.0,5375.0,0
588,10000,2,1,3,59,-1,0,0,1,-1,0,27822.0,51336.0,54476.0,59461.0,48200.0,12600.0,3941.0,865.0,3299.0,7921.0,5611.0,282.0,0
589,180000,2,2,3,65,0,-1,-1,2,-1,2,7149.0,9908.0,58722.0,38585.0,59214.0,13351.0,3115.0,131.0,6884.0,3521.0,3348.0,840.0,0
590,180000,1,4,3,41,0,0,0,-1,0,-1,26024.0,44968.0,34317.0,7900.0,59971.0,9265.0,6367.0,7191.0,5078.0,356.0,486.0,6340.0,1
591,180000,1,3,2,43,-1,2,-1,-1,0,0,37022.0,352.0,5488.0,6798.0,46283.0,6144.0,2452.0,5372.0,1257.0,95.0,28.0,4662.0,0
592,360000,1,4,1,52,1,-1,0,0,1,1,24698.0,17465.0,22576.0,47760.0,20944.0,7434.0,7647.0,5950.0,5882.0,6871.0,4320.0,3917.0,1
593,20000,1,2,2,30,0,1,0,0,3,-1,18545.0,10500.0,45883.0,18968.0,46864.0,49960.0,4920.0,7418.0,449.0,3558.0,5330.0,1747.0,1
594,360000,2,2,1,62,-1,3,0,0,-1,-1,18730.0,7433.0,34840.0,48269.0,14664.0,55576.0,1045.0,2657.0,1945.0,619.0,4378.0,1197.0,1
595,50000,2,2,2,58,2,1,0,2,-1,3,17992.0,35071.0,56179.0,56084.0,53794.0,35086.0,3226.0,5780.0,7107.0,6667.0,5763.0,3731.0,1
596,180000,2,1,2,51,-1,-1,3,0,-1,0,19541.0,54040.0,48955.0,38662.0,16042.0,830.0,7071.0,4018.0,7007.0,4231.0,6054.0,2868.0,0
597,120000,2,4,3,35,-1,1,1,-1,0,0,22439.0,40018.0,3793.0,45857.0,24172.0,51869.0,2036.0,4341.0,370.0,2798.0,6975.0,4272.0,1
598,180000,2,1,1,38,0,-1,0,0,0,0,41270.0,51245.0,51674.0,16731.0,5600.0,36111.0,5638.0,5294.0,3036.0,3616.0,7861.0,1322.0,0
599,120000,2,2,1,42,-1,-1,0,-1,1,1,5760.0,35486.0,21442.0,26072.0,4881.0,31252.0,6266.0,3759.0,753.0,1800.0,7078.0,1851.0,0
600,120000,2,3,3,53,-1,1,-1,-1,1,1,2450.0,3222.0,49130.0,57908.0,23642.0,56848.0,5540.0,192.0,2169.0,7452.0,6366.0,903.0,0
